GOSECSBJ,KISMODE,KISLEVEL,GOSECLQ_UK,GOSECMED_UK,GOSECUQ_UK,GOSECPOP_UK,GOSECLQ_E,GOSECMED_E,GOSECUQ_E,GOSECPOP_E,GOSECLQ_NI,GOSECMED_NI,GOSECUQ_NI,GOSECPOP_NI,GOSECLQ_S,GOSECMED_S,GOSECUQ_S,GOSECPOP_S,GOSECLQ_W,GOSECMED_W,GOSECUQ_W,GOSECPOP_W
CAH01,01,03,32000,35000,40000,8885,32000,35000,40000,7240,32000,38000,47000,245,32000,38000,45000,975,30000,33000,39000,405
CAH01,01,04,20000,25000,31500,15,19000,24000,30000,15,NA,NA,NA,NA,NA,NA,NA,NA,NA,NA,NA,NA
CAH01,02,03,23000,25500,44000,10,NA,NA,NA,NA,NA,NA,NA,NA,NA,NA,NA,NA,NA,NA,NA,NA
CAH01,02,04,32500,36000,44000,80,33000,36000,43000,75,NA,NA,NA,NA,NA,NA,NA,NA,NA,NA,NA,NA
CAH01-01,01,03,32000,35000,40000,8885,32000,35000,40000,7240,32000,38000,47000,245,32000,38000,45000,975,30000,33000,39000,405
CAH01-01,01,04,20000,25000,31500,15,19000,24000,30000,15,NA,NA,NA,NA,NA,NA,NA,NA,NA,NA,NA,NA
CAH01-01,02,03,23000,25500,44000,10,NA,NA,NA,NA,NA,NA,NA,NA,NA,NA,NA,NA,NA,NA,NA,NA
CAH01-01,02,04,32500,36000,44000,80,33000,36000,43000,75,NA,NA,NA,NA,NA,NA,NA,NA,NA,NA,NA,NA
CAH01-01-01,01,03,22000,28500,32000,120,22500,29000,32000,110,NA,NA,NA,NA,NA,NA,NA,NA,NA,NA,NA,NA
CAH01-01-02,01,03,32000,35000,40000,8090,32000,35000,40000,6585,32000,40000,47000,215,32000,38000,45000,905,30000,33000,38000,365
CAH01-01-03,01,03,27000,28000,30000,95,27000,28000,29000,80,NA,NA,NA,NA,26000,28000,30000,15,NA,NA,NA,NA
CAH01-01-03,02,04,32500,36000,44000,80,33000,36000,43000,75,NA,NA,NA,NA,NA,NA,NA,NA,NA,NA,NA,NA
CAH01-01-04,01,03,34500,40000,50000,580,34500,40000,50000,460,32000,35000,50000,25,35000,40000,45000,55,35000,37500,65000,35
CAH01-01-04,01,04,20000,25000,31500,15,20000,25000,30000,15,NA,NA,NA,NA,NA,NA,NA,NA,NA,NA,NA,NA
CAH02,01,03,25000,27000,30000,38050,25000,27000,30000,30515,24000,25000,27000,1400,26000,26500,30000,3820,25000,27000,28000,2260
CAH02,01,04,25000,27000,32000,1515,24500,27000,31000,1235,NA,NA,NA,NA,30000,34000,38000,185,25000,26000,27000,90
CAH02,02,03,26000,32000,40000,2785,27000,32000,40000,2275,25000,26000,33000,150,28500,35500,45000,245,26000,29000,36000,115
CAH02,02,04,27000,32000,38000,1415,27000,32500,38500,1045,29000,40000,45000,65,27000,33500,37500,125,24000,27500,33500,175
CAH02-02,01,03,25000,33000,39500,2425,25000,33000,39000,1985,25000,33000,40000,80,26000,33000,42000,265,27000,33000,36000,90
CAH02-02,02,03,22000,26000,40000,15,22000,26500,43000,15,NA,NA,NA,NA,NA,NA,NA,NA,NA,NA,NA,NA
CAH02-02,02,04,40000,45000,56000,20,40000,45000,56000,15,NA,NA,NA,NA,NA,NA,NA,NA,NA,NA,NA,NA
CAH02-02-01,01,03,23000,26000,30000,580,23500,27000,31000,460,22000,26000,28500,15,23500,26000,29000,85,18000,25000,27000,20
CAH02-02-03,01,03,30000,35000,41000,1840,28500,35000,40000,1520,30000,35000,40000,65,32500,38000,45000,180,32000,35000,36000,75
CAH02-02-03,02,03,22000,26500,43000,10,22000,26500,43000,10,NA,NA,NA,NA,NA,NA,NA,NA,NA,NA,NA,NA
CAH02-02-03,02,04,40000,45000,56000,20,40000,45000,56000,15,NA,NA,NA,NA,NA,NA,NA,NA,NA,NA,NA,NA
CAH02-04,01,03,25500,27000,28500,19855,25500,27000,29000,15280,24000,25000,27000,795,26000,26000,30000,2445,25000,27000,28000,1310
CAH02-04,01,04,24000,27000,32000,275,24000,27000,33500,230,NA,NA,NA,NA,26000,27500,30000,30,NA,NA,NA,NA
CAH02-04,02,03,26000,32000,40000,1850,27000,31500,39000,1435,25000,26000,32000,115,29000,37000,45000,205,26000,28000,36000,85
CAH02-04,02,04,30000,34500,40000,750,31000,35000,40000,550,37000,41000,45000,40,31000,36000,37500,75,22000,24000,33000,80
CAH02-04-01,01,03,25500,27000,28500,765,25500,27000,30500,330,NA,NA,NA,NA,NA,NA,NA,NA,25500,27000,28000,420
CAH02-04-01,01,04,22000,24000,26500,100,21000,24000,25000,75,NA,NA,NA,NA,26500,28000,30000,20,NA,NA,NA,NA
CAH02-04-01,02,03,33000,40000,45500,675,33000,40000,45000,485,32000,41500,45000,30,35000,40000,46500,125,27500,34000,41000,35
CAH02-04-01,02,04,28000,35000,40000,420,30000,35500,40000,280,37000,41500,45000,35,30000,36000,38000,50,21000,23000,25000,55
CAH02-04-02,01,03,25000,27000,28000,10675,25000,27000,28000,8045,24000,25000,27000,510,26000,26000,29000,1585,25000,27000,27000,535
CAH02-04-02,02,03,25000,26000,28000,620,25000,27000,28000,465,24500,25000,27000,55,26000,30000,37000,70,25500,26000,27000,30
CAH02-04-02,02,04,32000,39000,46000,50,32000,39000,46000,50,NA,NA,NA,NA,NA,NA,NA,NA,NA,NA,NA,NA
CAH02-04-03,01,03,33000,36000,40000,275,33000,36000,40500,250,32000,35000,38000,15,NA,NA,NA,NA,NA,NA,NA,NA
CAH02-04-03,01,04,33500,35000,36000,45,33500,35000,36000,40,NA,NA,NA,NA,NA,NA,NA,NA,NA,NA,NA,NA
CAH02-04-03,02,03,32000,36000,40000,70,32000,35000,38000,50,NA,NA,NA,NA,NA,NA,NA,NA,32000,36000,40000,15
CAH02-04-03,02,04,30000,35000,37500,65,25500,30000,36500,35,NA,NA,NA,NA,35000,35000,37500,20,34000,34000,40000,15
CAH02-04-04,01,03,25500,27500,32000,2360,25500,27500,32000,2015,25000,25500,27500,50,26000,28000,32500,185,25000,27000,32000,100
CAH02-04-04,01,04,25000,27500,28000,15,NA,NA,NA,NA,NA,NA,NA,NA,24000,27500,27500,10,NA,NA,NA,NA
CAH02-04-04,02,03,26000,30000,33500,90,27000,31000,34000,85,NA,NA,NA,NA,NA,NA,NA,NA,NA,NA,NA,NA
CAH02-04-05,01,03,25000,27000,28000,2195,25500,27000,28000,1810,25000,25000,27000,70,25000,26000,26500,230,25000,27000,27000,85
CAH02-04-05,02,03,25000,27000,29000,60,25000,27000,29000,55,NA,NA,NA,NA,NA,NA,NA,NA,NA,NA,NA,NA
CAH02-04-06,01,03,30000,42000,60000,15,30000,42000,60000,10,NA,NA,NA,NA,NA,NA,NA,NA,NA,NA,NA,NA
CAH02-04-06,01,04,19000,22000,25000,15,19000,22000,25000,15,NA,NA,NA,NA,NA,NA,NA,NA,NA,NA,NA,NA
CAH02-04-07,01,03,26000,27500,31000,3050,26000,28000,32000,2410,24000,25500,27000,100,26000,26500,30000,375,25500,27000,29000,165
CAH02-04-07,01,04,25500,27000,30000,75,25500,27000,30000,75,NA,NA,NA,NA,NA,NA,NA,NA,NA,NA,NA,NA
CAH02-04-07,02,03,25500,28000,33500,150,26500,29000,33500,115,24000,25000,26000,20,NA,NA,NA,NA,NA,NA,NA,NA
CAH02-04-07,02,04,25000,33000,37000,15,21000,25000,35000,10,NA,NA,NA,NA,NA,NA,NA,NA,NA,NA,NA,NA
CAH02-04-08,01,03,25500,27000,29000,420,25500,27000,30000,310,25000,26000,28000,40,26000,26000,30000,70,NA,NA,NA,NA
CAH02-04-08,02,03,26000,28000,31000,15,27000,29000,31500,15,NA,NA,NA,NA,NA,NA,NA,NA,NA,NA,NA,NA
CAH02-04-09,01,03,26000,28000,32500,100,26000,28000,32000,100,NA,NA,NA,NA,NA,NA,NA,NA,NA,NA,NA,NA
CAH02-04-09,01,04,26000,34000,39000,20,26000,34000,39000,20,NA,NA,NA,NA,NA,NA,NA,NA,NA,NA,NA,NA
CAH02-04-09,02,03,34000,36000,41500,170,34000,36000,42000,165,NA,NA,NA,NA,NA,NA,NA,NA,NA,NA,NA,NA
CAH02-04-09,02,04,32000,34000,38000,190,32000,34000,38000,175,NA,NA,NA,NA,NA,NA,NA,NA,33000,33000,33500,10
CAH02-05,01,03,23000,27000,29500,6535,23000,27000,29500,5520,23000,25000,27000,245,23500,26500,30000,505,25000,27000,28000,255
CAH02-05,01,04,24000,27000,32000,45,24000,28000,34000,25,NA,NA,NA,NA,26000,30000,30000,10,NA,NA,NA,NA
CAH02-05,02,03,24000,27500,32500,200,24000,27500,33000,170,21500,25000,27000,15,27500,28000,32000,15,NA,NA,NA,NA
CAH02-05,02,04,25000,28000,32500,105,25000,28500,35500,70,NA,NA,NA,NA,25000,27500,30000,15,25000,25500,28000,10
CAH02-05-01,01,03,27000,28000,30000,1540,27000,28000,30000,1225,25000,25500,27000,75,27000,30000,30500,125,26500,27000,28500,115
CAH02-05-01,01,04,24000,24000,28500,10,24000,24000,28500,10,NA,NA,NA,NA,NA,NA,NA,NA,NA,NA,NA,NA
CAH02-05-01,02,03,25500,28000,28500,15,25500,28000,28500,15,NA,NA,NA,NA,NA,NA,NA,NA,NA,NA,NA,NA
CAH02-05-01,02,04,24000,26000,28500,20,NA,NA,NA,NA,NA,NA,NA,NA,19000,25000,27500,10,NA,NA,NA,NA
CAH02-05-02,01,03,26000,28500,34500,240,27000,29000,35000,210,NA,NA,NA,NA,NA,NA,NA,NA,25000,27000,28000,25
CAH02-05-02,01,04,25000,28000,34000,30,28000,34000,45000,15,NA,NA,NA,NA,26000,30000,30000,10,NA,NA,NA,NA
CAH02-05-02,02,03,34000,42000,45000,35,34000,42000,45000,35,NA,NA,NA,NA,NA,NA,NA,NA,NA,NA,NA,NA
CAH02-05-02,02,04,28000,36000,40000,35,35000,39000,42000,25,NA,NA,NA,NA,NA,NA,NA,NA,NA,NA,NA,NA
CAH02-05-03,01,03,22000,25000,29000,4190,22000,25000,28500,3650,22000,25000,27000,135,22500,26000,30000,325,22000,24000,27000,65
CAH02-05-03,02,03,22500,26500,29000,140,22500,26000,29000,115,21500,25000,27000,15,NA,NA,NA,NA,NA,NA,NA,NA
CAH02-05-03,02,04,25000,27000,30000,50,24000,26000,31000,40,NA,NA,NA,NA,NA,NA,NA,NA,NA,NA,NA,NA
CAH02-05-04,01,03,23000,26000,30000,560,23000,27000,31000,435,22000,25500,27000,25,21000,23000,27000,55,25000,27000,28500,45
CAH02-06,01,03,25000,27000,29000,9235,25000,27000,28500,7735,24000,26000,27000,280,26000,30000,30000,600,25000,27000,28500,600
CAH02-06,01,04,25000,27000,32000,1200,25000,27000,30000,975,NA,NA,NA,NA,33000,36000,40000,145,25000,26500,27000,80
CAH02-06,02,03,27000,34000,42000,720,27000,33000,42000,655,27000,35000,50000,20,30000,36000,52000,20,27000,31000,40000,25
CAH02-06,02,04,25000,28000,35000,540,25000,28000,35000,410,NA,NA,NA,NA,24000,30000,37000,35,26000,28500,34000,85
CAH02-06-01,01,03,25500,27500,28500,2920,25500,27500,28500,2620,25000,26000,27000,30,26000,30000,30000,125,25000,27000,28000,145
CAH02-06-01,01,04,25000,27000,33000,1115,25000,27000,30000,910,NA,NA,NA,NA,33500,37000,40000,130,25000,27000,27000,75
CAH02-06-01,02,03,28000,39000,45000,405,28000,39000,45000,360,25000,35000,51500,15,36000,46000,57000,15,27000,31000,40000,20
CAH02-06-01,02,04,25000,27500,34000,240,25000,27500,34000,180,NA,NA,NA,NA,NA,NA,NA,NA,25500,28000,32000,50
CAH02-06-02,01,03,24000,27000,30000,860,24000,27000,30000,685,24000,25000,27000,55,25000,28000,30000,70,25000,28000,32000,50
CAH02-06-02,02,03,25500,28000,33000,45,25500,28000,33000,45,NA,NA,NA,NA,NA,NA,NA,NA,NA,NA,NA,NA
CAH02-06-03,01,03,19000,21000,30000,775,19000,21500,29000,625,19000,21000,29000,25,19000,25000,39500,80,19000,21000,23000,40
CAH02-06-03,01,04,22000,24000,27000,15,22000,24000,26000,10,NA,NA,NA,NA,NA,NA,NA,NA,NA,NA,NA,NA
CAH02-06-03,02,03,20000,28000,37000,10,NA,NA,NA,NA,NA,NA,NA,NA,NA,NA,NA,NA,NA,NA,NA,NA
CAH02-06-03,02,04,24000,26000,29000,45,24000,25000,27000,35,NA,NA,NA,NA,NA,NA,NA,NA,NA,NA,NA,NA
CAH02-06-04,01,03,24000,29000,35000,210,22000,27500,33000,145,26000,30000,36000,35,NA,NA,NA,NA,30000,35500,39000,25
CAH02-06-04,02,03,30000,42000,47000,45,30000,42000,47000,35,NA,NA,NA,NA,NA,NA,NA,NA,NA,NA,NA,NA
CAH02-06-04,02,04,33000,40000,43000,10,33000,40000,43000,10,NA,NA,NA,NA,NA,NA,NA,NA,NA,NA,NA,NA
CAH02-06-05,01,03,26000,28000,28500,2360,26500,28000,28500,2000,25000,26000,27000,55,26000,30000,30000,145,26000,27500,28000,150
CAH02-06-05,02,03,26500,27000,28500,60,26000,27000,28500,60,NA,NA,NA,NA,NA,NA,NA,NA,NA,NA,NA,NA
CAH02-06-06,01,03,25000,28500,33000,340,25000,28500,34000,240,24000,25000,29000,10,25000,30000,32000,60,26000,28000,34500,25
CAH02-06-06,01,04,20000,24000,29000,20,20000,23000,24000,15,NA,NA,NA,NA,NA,NA,NA,NA,NA,NA,NA,NA
CAH02-06-06,02,03,20500,27500,35000,30,19000,27500,35000,30,NA,NA,NA,NA,NA,NA,NA,NA,NA,NA,NA,NA
CAH02-06-06,02,04,21000,23000,25000,10,21000,23000,25000,10,NA,NA,NA,NA,NA,NA,NA,NA,NA,NA,NA,NA
CAH02-06-07,01,03,25000,27000,28500,1770,25000,27000,28500,1425,25000,26000,27000,65,26000,29500,30000,115,25500,27500,28500,165
CAH02-06-07,01,04,22000,25000,30000,50,22000,26000,30000,40,NA,NA,NA,NA,NA,NA,NA,NA,NA,NA,NA,NA
CAH02-06-07,02,03,25000,28500,33500,120,25000,28500,34000,115,NA,NA,NA,NA,NA,NA,NA,NA,NA,NA,NA,NA
CAH02-06-07,02,04,25000,30000,38000,230,25000,30000,38500,175,NA,NA,NA,NA,26000,30000,42000,25,26000,30000,34000,30
CAH03,01,03,21000,25000,28000,13200,21500,25000,28000,11310,21000,23500,26000,275,21000,24000,28000,1025,20500,23000,26500,560
CAH03,01,04,16000,21000,24000,365,16000,21000,24000,335,NA,NA,NA,NA,19500,21000,23500,15,12000,18500,24000,15
CAH03,02,03,22000,26000,30000,485,22000,26000,30000,420,18000,25000,30000,20,20500,28000,29000,30,27000,32500,36000,15
CAH03,02,04,23500,30000,40000,50,23500,30000,40000,35,NA,NA,NA,NA,20000,25000,30000,10,NA,NA,NA,NA
CAH03-01,01,03,22000,25000,29000,7540,22000,25000,29500,6510,22000,24500,27000,135,22000,25000,28000,585,21500,24000,27000,290
CAH03-01,01,04,18500,21500,25000,105,18500,22000,25500,95,NA,NA,NA,NA,NA,NA,NA,NA,NA,NA,NA,NA
CAH03-01,02,03,22000,26000,30000,170,22000,25500,29500,155,NA,NA,NA,NA,28000,29000,36000,10,NA,NA,NA,NA
CAH03-01,02,04,27500,30000,42000,30,27000,30000,40000,20,NA,NA,NA,NA,NA,NA,NA,NA,NA,NA,NA,NA
CAH03-01-01,01,03,22000,25000,30000,1375,22000,25000,30000,1160,21000,24500,28000,30,23000,27000,30000,75,22500,24500,28000,110
CAH03-01-01,02,03,24000,28000,32500,65,23000,27000,30500,55,NA,NA,NA,NA,NA,NA,NA,NA,NA,NA,NA,NA
CAH03-01-02,01,03,22000,25000,29000,1780,22000,25000,29000,1640,20000,22500,23500,20,22000,25000,28000,60,21500,23000,27000,50
CAH03-01-02,02,03,21000,25000,27500,40,21000,25000,27500,40,NA,NA,NA,NA,NA,NA,NA,NA,NA,NA,NA,NA
CAH03-01-02,02,04,27000,28000,41000,10,NA,NA,NA,NA,NA,NA,NA,NA,NA,NA,NA,NA,NA,NA,NA,NA
CAH03-01-03,01,03,20500,23000,27000,880,20000,23000,27000,715,19000,24500,25500,15,22000,25000,28000,95,21000,21500,24500,45
CAH03-01-03,01,04,20000,22000,25500,50,20000,23000,25500,40,NA,NA,NA,NA,NA,NA,NA,NA,NA,NA,NA,NA
CAH03-01-03,02,03,21000,25500,26000,10,NA,NA,NA,NA,NA,NA,NA,NA,NA,NA,NA,NA,NA,NA,NA,NA
CAH03-01-04,01,03,22000,25000,29000,340,22000,25000,29000,210,26000,26000,30000,20,22000,25000,27000,105,NA,NA,NA,NA
CAH03-01-05,01,03,24000,28000,32000,35,24000,30000,32000,25,NA,NA,NA,NA,NA,NA,NA,NA,NA,NA,NA,NA
CAH03-01-06,01,03,20000,22500,25000,925,20000,22000,25000,770,19000,22000,23500,15,21000,23000,26500,105,20000,23000,25500,35
CAH03-01-06,01,04,14500,20000,23000,35,14000,18500,23000,30,NA,NA,NA,NA,NA,NA,NA,NA,NA,NA,NA,NA
CAH03-01-06,02,03,20000,22500,24000,10,20000,22500,24000,10,NA,NA,NA,NA,NA,NA,NA,NA,NA,NA,NA,NA
CAH03-01-07,01,03,22500,26000,30000,210,23000,26000,30000,185,NA,NA,NA,NA,20000,25000,27000,20,NA,NA,NA,NA
CAH03-01-08,01,03,23500,27000,32000,1710,23000,27000,32000,1570,24000,26000,27500,30,23000,26000,30000,70,23000,25000,27000,35
CAH03-01-08,02,03,23000,28000,36000,30,25000,28000,37000,30,NA,NA,NA,NA,NA,NA,NA,NA,NA,NA,NA,NA
CAH03-01-10,01,03,22000,25000,30000,280,22000,25000,30000,220,NA,NA,NA,NA,21000,25000,29000,50,NA,NA,NA,NA
CAH03-02,01,03,20500,24000,28000,5660,21000,24000,28000,4805,20000,23000,25000,140,20000,23500,27000,440,19000,22500,26000,270
CAH03-02,01,04,16000,20000,24000,260,16000,20000,24000,240,NA,NA,NA,NA,NA,NA,NA,NA,12000,18500,24000,10
CAH03-02,02,03,22000,26000,30000,315,22000,26000,30000,270,18000,25000,30000,20,20000,26000,28000,20,NA,NA,NA,NA
CAH03-02,02,04,20000,25000,30000,25,21500,23500,42000,15,NA,NA,NA,NA,NA,NA,NA,NA,NA,NA,NA,NA
CAH03-02-01,01,03,20500,24000,28000,5660,21000,24000,28000,4805,20000,23000,25000,140,20000,23500,27000,440,19000,22500,26000,270
CAH03-02-01,01,04,16000,20000,24000,260,16000,20000,24000,240,NA,NA,NA,NA,NA,NA,NA,NA,12000,18500,24000,10
CAH03-02-01,02,03,22000,26000,30000,315,22000,26000,30000,270,18000,25000,30000,20,20000,26000,28000,20,NA,NA,NA,NA
CAH03-02-01,02,04,20000,25000,30000,25,21500,23500,42000,15,NA,NA,NA,NA,NA,NA,NA,NA,NA,NA,NA,NA
CAH04,01,03,21000,24000,27000,11130,21000,24000,27000,9910,18000,22000,24500,170,21000,23500,26500,635,20000,23000,25500,390
CAH04,01,04,22500,26000,28000,55,24000,26000,29000,50,NA,NA,NA,NA,NA,NA,NA,NA,NA,NA,NA,NA
CAH04,02,03,22500,26000,30500,915,22000,25500,31000,775,21000,25000,30000,25,23000,27000,32000,80,23000,25000,29000,35
CAH04,02,04,21500,26000,38000,195,21500,26000,39000,170,NA,NA,NA,NA,21500,26000,30000,20,NA,NA,NA,NA
CAH04-01,01,03,21000,24000,27000,11130,21000,24000,27000,9910,18000,22000,24500,170,21000,23500,26500,635,20000,23000,25500,390
CAH04-01,01,04,22500,26000,28000,55,24000,26000,29000,50,NA,NA,NA,NA,NA,NA,NA,NA,NA,NA,NA,NA
CAH04-01,02,03,22500,26000,30500,915,22000,25500,31000,775,21000,25000,30000,25,23000,27000,32000,80,23000,25000,29000,35
CAH04-01,02,04,21500,26000,38000,195,21500,26000,39000,170,NA,NA,NA,NA,21500,26000,30000,20,NA,NA,NA,NA
CAH04-01-01,01,03,21000,24000,27000,9705,21000,24000,27000,8680,18000,22000,24500,155,20500,23500,26500,525,20000,22500,25000,325
CAH04-01-01,01,04,17500,22000,26000,20,21000,22000,30000,15,NA,NA,NA,NA,NA,NA,NA,NA,NA,NA,NA,NA
CAH04-01-01,02,03,22500,26000,30500,860,22500,25500,30500,725,21000,25000,30000,25,24500,27000,32000,75,23000,25000,29000,35
CAH04-01-01,02,04,21500,25000,33000,165,21500,25000,33000,140,NA,NA,NA,NA,21500,26000,30000,20,NA,NA,NA,NA
CAH04-01-02,01,03,21000,24000,27000,945,21000,24000,27000,780,19000,24000,24500,10,21500,24000,27000,90,22500,24000,26000,60
CAH04-01-02,02,03,20000,22000,25000,30,18500,22000,31500,25,NA,NA,NA,NA,NA,NA,NA,NA,NA,NA,NA,NA
CAH04-01-03,01,03,20000,23000,27500,165,20000,23000,27500,160,NA,NA,NA,NA,NA,NA,NA,NA,NA,NA,NA,NA
CAH04-01-03,02,03,20000,23000,30000,10,20000,23000,30000,10,NA,NA,NA,NA,NA,NA,NA,NA,NA,NA,NA,NA
CAH04-01-04,01,03,21500,24000,26000,175,21500,24000,26000,160,NA,NA,NA,NA,20500,23000,28000,15,NA,NA,NA,NA
CAH04-01-04,01,04,25000,27000,29000,25,25000,27000,29000,25,NA,NA,NA,NA,NA,NA,NA,NA,NA,NA,NA,NA
CAH04-01-04,02,03,27000,28000,31000,10,NA,NA,NA,NA,NA,NA,NA,NA,NA,NA,NA,NA,NA,NA,NA,NA
CAH04-01-05,01,03,21000,24000,27000,135,21500,24500,27000,130,NA,NA,NA,NA,NA,NA,NA,NA,NA,NA,NA,NA
CAH04-01-05,02,04,28000,36500,45000,25,28000,35000,42000,20,NA,NA,NA,NA,NA,NA,NA,NA,NA,NA,NA,NA
CAH05,01,03,29000,32000,36000,1595,30000,32500,36000,1290,30000,35000,36000,45,27000,31000,34000,180,29000,32000,34000,85
CAH05,01,04,23000,25000,26000,250,23000,25000,26000,235,NA,NA,NA,NA,NA,NA,NA,NA,24000,25000,25000,15
CAH05,02,03,25000,28000,28500,25,25000,28000,28500,25,NA,NA,NA,NA,NA,NA,NA,NA,NA,NA,NA,NA
CAH05,02,04,28000,32000,35000,40,29000,32000,35000,35,NA,NA,NA,NA,NA,NA,NA,NA,NA,NA,NA,NA
CAH05-01,01,03,29000,32000,36000,1595,30000,32500,36000,1290,30000,35000,36000,45,27000,31000,34000,180,29000,32000,34000,85
CAH05-01,01,04,23000,25000,26000,250,23000,25000,26000,235,NA,NA,NA,NA,NA,NA,NA,NA,24000,25000,25000,15
CAH05-01,02,03,25000,28000,28500,25,25000,28000,28500,25,NA,NA,NA,NA,NA,NA,NA,NA,NA,NA,NA,NA
CAH05-01,02,04,28000,32000,35000,40,29000,32000,35000,35,NA,NA,NA,NA,NA,NA,NA,NA,NA,NA,NA,NA
CAH05-01-01,01,03,30500,34000,36000,1300,31000,34000,37000,1065,33000,36000,36000,35,30000,33000,35000,130,30000,33000,35000,70
CAH05-01-02,01,03,23000,25000,27000,295,23000,25000,27500,225,NA,NA,NA,NA,22000,24000,25000,50,24500,26000,27500,15
CAH05-01-02,01,04,23000,25000,26000,245,23000,25000,26000,230,NA,NA,NA,NA,NA,NA,NA,NA,24000,25000,25000,15
CAH05-01-02,02,03,25000,28000,28500,25,25000,28000,28500,25,NA,NA,NA,NA,NA,NA,NA,NA,NA,NA,NA,NA
CAH05-01-02,02,04,28000,32000,35000,40,29000,32000,35000,35,NA,NA,NA,NA,NA,NA,NA,NA,NA,NA,NA,NA
CAH06,01,03,21000,24000,27500,2185,21000,24000,27500,1765,22000,25000,30000,85,22000,25000,28000,215,19500,22500,26000,120
CAH06,01,04,18000,22500,27000,605,18500,23000,27000,490,NA,NA,NA,NA,18500,22000,28000,90,14000,19000,22000,25
CAH06,02,03,23000,27500,30000,60,23000,27000,30000,50,NA,NA,NA,NA,NA,NA,NA,NA,NA,NA,NA,NA
CAH06,02,04,26000,30000,35000,140,23000,29000,32000,75,NA,NA,NA,NA,29000,30000,37500,55,20000,22000,28000,15
CAH06-01,01,03,21000,24000,27500,2185,21000,24000,27500,1765,22000,25000,30000,85,22000,25000,28000,215,19500,22500,26000,120
CAH06-01,01,04,18000,22500,27000,605,18500,23000,27000,490,NA,NA,NA,NA,18500,22000,28000,90,14000,19000,22000,25
CAH06-01,02,03,23000,27500,30000,60,23000,27000,30000,50,NA,NA,NA,NA,NA,NA,NA,NA,NA,NA,NA,NA
CAH06-01,02,04,26000,30000,35000,140,23000,29000,32000,75,NA,NA,NA,NA,29000,30000,37500,55,20000,22000,28000,15
CAH06-01-01,01,03,20000,22000,24500,930,20000,22000,24500,835,NA,NA,NA,NA,21500,23000,25000,35,18000,21000,23000,50
CAH06-01-01,01,04,18000,20000,24000,85,18000,20500,24000,75,NA,NA,NA,NA,NA,NA,NA,NA,NA,NA,NA,NA
CAH06-01-01,02,03,20000,23000,29000,25,18500,21500,29000,20,NA,NA,NA,NA,NA,NA,NA,NA,NA,NA,NA,NA
CAH06-01-01,02,04,20000,27000,31500,20,18000,27000,32000,15,NA,NA,NA,NA,NA,NA,NA,NA,NA,NA,NA,NA
CAH06-01-02,01,03,24000,26000,28000,25,24000,26000,28000,25,NA,NA,NA,NA,NA,NA,NA,NA,NA,NA,NA,NA
CAH06-01-03,01,03,23000,26000,30000,770,24000,26500,30000,590,22000,28000,32000,45,21500,25000,29000,90,20000,24000,28000,40
CAH06-01-03,01,04,18000,21000,25000,310,18000,22000,26000,240,NA,NA,NA,NA,17000,20000,23000,55,19000,20000,23000,10
CAH06-01-03,02,03,24000,27500,31000,25,24000,26000,30000,20,NA,NA,NA,NA,NA,NA,NA,NA,NA,NA,NA,NA
CAH06-01-03,02,04,26000,30500,37500,55,28000,30500,37500,15,NA,NA,NA,NA,30000,32000,40000,30,NA,NA,NA,NA
CAH06-01-04,01,03,21000,24000,25000,50,19500,23000,25000,30,NA,NA,NA,NA,23500,25000,29000,15,NA,NA,NA,NA
CAH06-01-04,01,04,20500,24000,28000,25,NA,NA,NA,NA,NA,NA,NA,NA,20000,24000,29500,15,NA,NA,NA,NA
CAH06-01-05,01,03,24000,26000,27000,50,24000,25000,27500,25,NA,NA,NA,NA,25500,27000,27000,15,NA,NA,NA,NA
CAH06-01-05,01,04,23000,28000,29500,30,21000,23000,28000,10,NA,NA,NA,NA,27000,29000,29500,15,NA,NA,NA,NA
CAH06-01-05,02,04,28500,30000,35500,30,NA,NA,NA,NA,NA,NA,NA,NA,28500,30000,35000,20,NA,NA,NA,NA
CAH06-01-06,01,03,22500,26000,28500,85,24500,26000,30000,30,22000,24000,24000,10,22000,26500,28000,40,NA,NA,NA,NA
CAH06-01-06,01,04,26000,30000,35000,70,26000,30000,35000,65,NA,NA,NA,NA,NA,NA,NA,NA,NA,NA,NA,NA
CAH06-01-06,02,04,23000,28000,29500,20,23000,28000,29500,20,NA,NA,NA,NA,NA,NA,NA,NA,NA,NA,NA,NA
CAH06-01-07,01,03,24000,27000,29500,220,24000,27000,30000,185,NA,NA,NA,NA,22000,24000,27000,15,NA,NA,NA,NA
CAH06-01-07,01,04,20000,25000,26000,30,20000,25000,26000,30,NA,NA,NA,NA,NA,NA,NA,NA,NA,NA,NA,NA
CAH06-01-07,02,03,28000,35000,55000,10,NA,NA,NA,NA,NA,NA,NA,NA,NA,NA,NA,NA,NA,NA,NA,NA
CAH06-01-08,01,03,23000,27000,30000,60,24000,27000,30000,40,NA,NA,NA,NA,NA,NA,NA,NA,NA,NA,NA,NA
CAH06-01-08,01,04,17000,21000,28000,60,17000,20500,28000,55,NA,NA,NA,NA,NA,NA,NA,NA,NA,NA,NA,NA
CAH07,01,03,24000,28000,32500,8160,24000,28000,33000,7175,24000,26000,28000,115,23500,27000,31000,585,21000,24500,28000,265
CAH07,01,04,18000,23000,24500,20,12000,23000,23000,15,NA,NA,NA,NA,NA,NA,NA,NA,NA,NA,NA,NA
CAH07,02,03,24000,29000,37000,260,23000,29000,36000,210,NA,NA,NA,NA,29000,36000,42000,30,24000,27000,32500,15
CAH07,02,04,25000,40000,46500,100,28000,40000,47000,90,NA,NA,NA,NA,NA,NA,NA,NA,NA,NA,NA,NA
CAH07-01,01,03,25500,30000,35000,3245,26000,30000,35000,2815,23500,27000,30000,65,25000,28500,33000,265,22500,26500,29000,95
CAH07-01,02,03,25000,29000,45000,60,25000,30000,47500,50,NA,NA,NA,NA,NA,NA,NA,NA,NA,NA,NA,NA
CAH07-01,02,04,28000,66000,100000,15,39000,66000,126000,10,NA,NA,NA,NA,NA,NA,NA,NA,NA,NA,NA,NA
CAH07-01-01,01,03,26000,30000,35000,2910,26500,30000,35000,2540,23500,25500,30000,60,25000,28500,33000,230,22500,26500,30000,80
CAH07-01-01,02,03,24000,28500,36000,55,24000,28500,36000,45,NA,NA,NA,NA,NA,NA,NA,NA,NA,NA,NA,NA
CAH07-01-02,01,03,24500,29000,33500,340,24500,29500,34000,280,NA,NA,NA,NA,24000,28500,32500,35,23000,25000,28000,15
CAH07-02,01,03,24000,27000,32000,3135,24000,27500,32000,2765,25000,26500,27000,40,23500,26000,30000,210,21000,24500,28000,105
CAH07-02,02,03,27500,33500,40000,35,27500,33500,39500,35,NA,NA,NA,NA,NA,NA,NA,NA,NA,NA,NA,NA
CAH07-02,02,04,25000,31000,37000,10,NA,NA,NA,NA,NA,NA,NA,NA,NA,NA,NA,NA,NA,NA,NA,NA
CAH07-02-01,01,03,24000,27000,32000,3135,24000,27500,32000,2765,25000,26500,27000,40,23500,26000,30000,210,21000,24500,28000,105
CAH07-02-01,02,03,27500,33500,40000,35,27500,33500,39500,35,NA,NA,NA,NA,NA,NA,NA,NA,NA,NA,NA,NA
CAH07-02-01,02,04,25000,31000,37000,10,NA,NA,NA,NA,NA,NA,NA,NA,NA,NA,NA,NA,NA,NA,NA,NA
CAH07-04,01,03,21500,25000,30000,1780,21500,25000,30000,1590,22500,24000,25000,10,22000,25000,28000,110,20000,23000,26000,60
CAH07-04,01,04,12000,18000,24500,10,12000,18000,24500,10,NA,NA,NA,NA,NA,NA,NA,NA,NA,NA,NA,NA
CAH07-04,02,03,22500,28500,36000,165,22000,27000,33000,125,NA,NA,NA,NA,30000,36000,43500,25,24000,32000,35000,10
CAH07-04,02,04,24000,41000,46000,75,26500,42000,46500,70,NA,NA,NA,NA,NA,NA,NA,NA,NA,NA,NA,NA
CAH07-04-01,01,03,23000,24000,25000,10,23000,24000,25000,10,NA,NA,NA,NA,NA,NA,NA,NA,NA,NA,NA,NA
CAH07-04-01,02,03,24000,29000,36000,45,24000,28000,35000,35,NA,NA,NA,NA,NA,NA,NA,NA,NA,NA,NA,NA
CAH07-04-02,01,03,21000,24000,27000,1270,21000,24000,27000,1110,NA,NA,NA,NA,22000,25000,28000,90,20000,22500,26000,60
CAH07-04-02,02,03,20000,22000,29500,30,14000,22000,29500,30,NA,NA,NA,NA,NA,NA,NA,NA,NA,NA,NA,NA
CAH07-04-02,02,04,43000,45000,47000,40,43000,45000,48000,40,NA,NA,NA,NA,NA,NA,NA,NA,NA,NA,NA,NA
CAH07-04-03,01,03,23000,24000,26000,35,23000,24000,30000,25,NA,NA,NA,NA,20000,23000,25000,10,NA,NA,NA,NA
CAH07-04-03,02,03,27000,30000,42000,40,26000,29000,40000,25,NA,NA,NA,NA,NA,NA,NA,NA,NA,NA,NA,NA
CAH07-04-04,01,03,26000,30000,35500,465,26500,30000,35500,445,NA,NA,NA,NA,28000,32000,33500,15,NA,NA,NA,NA
CAH07-04-04,02,03,24000,29000,36000,45,24000,28000,35000,35,NA,NA,NA,NA,NA,NA,NA,NA,NA,NA,NA,NA
CAH07-04-04,02,04,21000,24000,32000,35,22000,26500,33000,35,NA,NA,NA,NA,NA,NA,NA,NA,NA,NA,NA,NA
CAH09,01,03,25500,30000,35000,5835,26000,30000,35500,5150,23000,25000,29000,85,24000,28000,32500,420,24000,26000,29000,165
CAH09,02,03,25000,30000,40000,260,25000,30000,40000,215,NA,NA,NA,NA,27500,31000,37000,25,18000,27000,30500,10
CAH09,02,04,30500,50000,70000,70,30500,52000,70000,60,NA,NA,NA,NA,NA,NA,NA,NA,NA,NA,NA,NA
CAH09-01,01,03,25500,30000,35000,5835,26000,30000,35500,5150,23000,25000,29000,85,24000,28000,32500,420,24000,26000,29000,165
CAH09-01,02,03,25000,30000,40000,260,25000,30000,40000,215,NA,NA,NA,NA,27500,31000,37000,25,18000,27000,30500,10
CAH09-01,02,04,30500,50000,70000,70,30500,52000,70000,60,NA,NA,NA,NA,NA,NA,NA,NA,NA,NA,NA,NA
CAH09-01-01,01,03,25000,30000,35000,5405,26000,30000,35000,4835,23000,25000,29000,75,24000,28000,32000,320,24000,26000,29000,160
CAH09-01-01,02,03,25000,30000,38000,220,25000,30000,39000,185,NA,NA,NA,NA,27500,31000,35000,20,NA,NA,NA,NA
CAH09-01-01,02,04,25000,52000,78000,35,25000,52000,78000,30,NA,NA,NA,NA,NA,NA,NA,NA,NA,NA,NA,NA
CAH09-01-02,01,03,29500,35000,42000,40,29500,35000,42000,40,NA,NA,NA,NA,NA,NA,NA,NA,NA,NA,NA,NA
CAH09-01-03,01,03,26500,31000,37000,395,28000,33000,38000,275,NA,NA,NA,NA,25000,28500,33000,105,NA,NA,NA,NA
CAH09-01-03,02,03,27000,40000,49000,35,27000,40000,49000,30,NA,NA,NA,NA,NA,NA,NA,NA,NA,NA,NA,NA
CAH09-01-03,02,04,35000,50000,66000,35,35000,50000,66000,30,NA,NA,NA,NA,NA,NA,NA,NA,NA,NA,NA,NA
CAH10,01,03,27000,30000,34000,19625,27500,30000,34500,16270,25000,28000,31500,545,27000,30000,32500,2175,25500,28500,31500,615
CAH10,01,04,22500,27000,35000,455,22500,27000,34000,425,NA,NA,NA,NA,21000,30000,40000,15,25000,35000,36000,15
CAH10,02,03,32000,40000,50000,1995,32000,40000,50000,1595,32000,40000,43000,60,33500,43000,53000,235,33500,38000,46000,105
CAH10,02,04,32500,40000,46500,920,32500,40000,46500,765,NA,NA,NA,NA,31500,40000,53000,65,35000,39500,46000,75
CAH10-01,01,03,27000,30000,34000,18685,27500,30000,34500,15410,25000,28000,31500,545,27000,30000,33000,2120,26000,29000,31500,590
CAH10-01,01,04,23000,27000,35000,415,23000,27000,34000,390,NA,NA,NA,NA,21000,25500,40000,10,25000,35000,36000,10
CAH10-01,02,03,32000,40000,50000,1960,32000,40000,50000,1560,32000,40000,43000,60,33500,43000,53000,235,33500,38000,46000,105
CAH10-01,02,04,32500,40000,46000,820,32500,40000,46000,680,NA,NA,NA,NA,31500,40000,55000,65,35000,40000,46000,75
CAH10-01-01,01,03,27000,31000,35500,1365,27500,32000,36000,1150,25000,29000,31000,65,25000,28000,32000,125,24000,27000,30000,25
CAH10-01-01,01,04,24000,29000,37000,120,24000,29500,37000,115,NA,NA,NA,NA,NA,NA,NA,NA,NA,NA,NA,NA
CAH10-01-01,02,03,35000,43000,52500,585,36000,44000,53000,465,32000,40000,45000,35,33000,45000,60000,65,33500,40000,47000,20
CAH10-01-01,02,04,32000,40000,46500,305,32000,39000,46000,275,NA,NA,NA,NA,35000,46500,55000,20,NA,NA,NA,NA
CAH10-01-02,01,03,27000,30000,34000,5500,27500,30000,34000,4490,25000,28000,30500,135,27000,30000,33000,695,26000,29000,32000,175
CAH10-01-02,01,04,22000,28000,36000,60,22000,28000,34000,55,NA,NA,NA,NA,NA,NA,NA,NA,NA,NA,NA,NA
CAH10-01-02,02,03,32000,38000,47000,425,31000,38000,46500,350,NA,NA,NA,NA,33500,46000,53000,40,33500,38000,42000,25
CAH10-01-02,02,04,35000,40000,44500,110,35000,40000,45000,90,NA,NA,NA,NA,NA,NA,NA,NA,31000,35000,36000,15
CAH10-01-03,01,03,25500,30000,34000,1205,26000,30000,34000,1135,24000,27000,30000,25,28000,30000,35000,20,22000,26000,32000,25
CAH10-01-03,01,04,25000,27000,36000,25,19000,26500,34000,20,NA,NA,NA,NA,NA,NA,NA,NA,NA,NA,NA,NA
CAH10-01-03,02,03,31000,39500,46000,165,30000,39500,46000,145,NA,NA,NA,NA,NA,NA,NA,NA,NA,NA,NA,NA
CAH10-01-03,02,04,35500,42000,48500,55,32000,40000,48500,35,NA,NA,NA,NA,NA,NA,NA,NA,40000,42000,48000,20
CAH10-01-04,01,03,27500,30000,34000,2010,28000,30000,34000,1790,26000,28500,32500,30,28000,30000,32500,110,25000,28500,31500,75
CAH10-01-04,01,04,22000,25500,26000,35,22000,25500,26000,35,NA,NA,NA,NA,NA,NA,NA,NA,NA,NA,NA,NA
CAH10-01-04,02,03,29000,37000,48000,90,29000,36000,49000,80,NA,NA,NA,NA,NA,NA,NA,NA,NA,NA,NA,NA
CAH10-01-04,02,04,40000,44000,45000,40,38000,44000,47500,35,NA,NA,NA,NA,NA,NA,NA,NA,NA,NA,NA,NA
CAH10-01-05,01,03,26500,30000,34000,65,26000,28500,34000,35,NA,NA,NA,NA,28000,30000,34000,30,NA,NA,NA,NA
CAH10-01-06,01,03,25000,29000,32500,595,25000,29000,33000,480,26000,27500,30000,40,26000,30000,32000,55,24000,29000,30000,20
CAH10-01-06,01,04,21000,23000,35000,10,21000,23000,26500,10,NA,NA,NA,NA,NA,NA,NA,NA,NA,NA,NA,NA
CAH10-01-06,02,03,29500,45000,60000,10,25000,40000,60000,10,NA,NA,NA,NA,NA,NA,NA,NA,NA,NA,NA,NA
CAH10-01-06,02,04,28000,31500,45000,55,29000,34000,50000,40,NA,NA,NA,NA,24000,25000,29000,10,NA,NA,NA,NA
CAH10-01-07,01,03,27000,29500,32000,3235,27500,30000,32000,2500,25000,28000,30000,135,27000,29000,31000,450,27000,29000,30500,145
CAH10-01-07,01,04,23000,27500,32500,85,23000,27500,32500,85,NA,NA,NA,NA,NA,NA,NA,NA,NA,NA,NA,NA
CAH10-01-07,02,03,30000,35000,44000,285,29000,34500,47000,215,NA,NA,NA,NA,30000,37000,43500,40,33000,36000,38000,25
CAH10-01-07,02,04,28500,35500,45000,55,28000,38000,45000,40,NA,NA,NA,NA,NA,NA,NA,NA,30000,35500,46000,15
CAH10-01-08,01,03,28000,31000,35500,2625,28000,31000,36000,2115,27500,31000,37500,60,28000,30000,33000,375,25500,28000,30000,75
CAH10-01-08,01,04,22000,30000,38000,70,23000,29000,38000,60,NA,NA,NA,NA,NA,NA,NA,NA,NA,NA,NA,NA
CAH10-01-08,02,03,36000,44000,53000,330,36000,44000,52000,240,NA,NA,NA,NA,36500,43000,55000,60,39000,47500,60000,20
CAH10-01-08,02,04,34000,40000,50000,180,33000,40000,50000,140,NA,NA,NA,NA,38000,40000,60000,15,35000,39500,45000,25
CAH10-01-09,01,03,28000,31500,35000,2060,28500,32000,36000,1705,25000,28000,32000,50,28000,31500,35000,250,25000,29000,34000,55
CAH10-01-09,02,03,30000,42000,46000,35,28000,39000,45000,20,NA,NA,NA,NA,28500,45000,60000,10,NA,NA,NA,NA
CAH10-01-09,02,04,34000,38000,43000,20,33500,37000,38000,20,NA,NA,NA,NA,NA,NA,NA,NA,NA,NA,NA,NA
CAH10-01-10,01,03,28500,33000,41000,20,NA,NA,NA,NA,NA,NA,NA,NA,28500,30000,36000,10,NA,NA,NA,NA
CAH10-01-10,02,03,42000,49000,60000,40,45000,50000,60000,30,NA,NA,NA,NA,NA,NA,NA,NA,NA,NA,NA,NA
CAH10-03,01,03,24000,28000,33000,940,24000,28500,33500,860,NA,NA,NA,NA,20500,25000,30000,55,24000,27000,30500,25
CAH10-03,01,04,20500,26000,31500,40,20000,25000,30000,35,NA,NA,NA,NA,NA,NA,NA,NA,NA,NA,NA,NA
CAH10-03,02,03,34000,38000,48000,35,32000,38000,48000,35,NA,NA,NA,NA,NA,NA,NA,NA,NA,NA,NA,NA
CAH10-03,02,04,32000,40000,48000,100,32000,40000,50000,85,NA,NA,NA,NA,NA,NA,NA,NA,NA,NA,NA,NA
CAH10-03-01,02,04,33500,40000,50000,80,33500,40000,50000,70,NA,NA,NA,NA,NA,NA,NA,NA,NA,NA,NA,NA
CAH10-03-02,01,03,28000,32000,35000,200,28000,32000,35500,185,NA,NA,NA,NA,NA,NA,NA,NA,26000,30000,30500,15
CAH10-03-02,02,03,35000,36500,40000,15,35000,36500,40000,15,NA,NA,NA,NA,NA,NA,NA,NA,NA,NA,NA,NA
CAH10-03-03,01,03,21000,24000,30000,30,21000,23000,28000,30,NA,NA,NA,NA,NA,NA,NA,NA,NA,NA,NA,NA
CAH10-03-04,01,03,28000,31000,34000,90,28000,31000,34000,85,NA,NA,NA,NA,NA,NA,NA,NA,NA,NA,NA,NA
CAH10-03-04,01,04,25000,31500,37000,20,25000,30000,37000,15,NA,NA,NA,NA,NA,NA,NA,NA,NA,NA,NA,NA
CAH10-03-05,01,03,22000,26000,31000,50,21500,26500,32000,40,NA,NA,NA,NA,NA,NA,NA,NA,NA,NA,NA,NA
CAH10-03-06,01,03,22000,25000,30000,410,22000,25000,30000,365,NA,NA,NA,NA,20000,24000,25000,40,NA,NA,NA,NA
CAH10-03-06,01,04,19000,21000,25000,15,19000,21000,25000,15,NA,NA,NA,NA,NA,NA,NA,NA,NA,NA,NA,NA
CAH10-03-06,02,04,32000,42000,45000,10,32000,42000,45000,10,NA,NA,NA,NA,NA,NA,NA,NA,NA,NA,NA,NA
CAH10-03-07,01,03,28000,32000,37500,145,28500,32500,38000,140,NA,NA,NA,NA,NA,NA,NA,NA,NA,NA,NA,NA
CAH11,01,03,25000,30000,35000,14465,25000,30000,36000,11850,25000,28000,32000,780,25000,30000,35000,1375,21500,25000,30000,435
CAH11,01,04,20000,23000,28000,300,20000,23000,30000,265,NA,NA,NA,NA,21500,22000,26000,10,19500,24000,25000,25
CAH11,02,03,25000,30500,42000,1005,25000,31000,44000,780,26000,29500,38000,95,28000,32000,40000,80,23500,26000,36000,50
CAH11,02,04,27000,36000,45000,250,27000,35000,46000,155,NA,NA,NA,NA,30000,42000,47000,70,20000,22000,29000,15
CAH11-01,01,03,25000,30000,35000,14465,25000,30000,36000,11850,25000,28000,32000,780,25000,30000,35000,1375,21500,25000,30000,435
CAH11-01,01,04,20000,23000,28000,300,20000,23000,30000,265,NA,NA,NA,NA,21500,22000,26000,10,19500,24000,25000,25
CAH11-01,02,03,25000,30500,42000,1005,25000,31000,44000,780,26000,29500,38000,95,28000,32000,40000,80,23500,26000,36000,50
CAH11-01,02,04,27000,36000,45000,250,27000,35000,46000,155,NA,NA,NA,NA,30000,42000,47000,70,20000,22000,29000,15
CAH11-01-01,01,03,26000,31000,38000,8735,26000,32000,39000,7295,24500,28000,32000,460,25000,31000,37000,770,22000,25500,30000,205
CAH11-01-01,01,04,19000,22000,27500,230,19000,23000,29000,205,NA,NA,NA,NA,21500,22000,26000,10,18000,19500,25000,15
CAH11-01-01,02,03,25000,30000,40000,340,24000,30000,40000,255,26000,30000,38500,65,25000,32000,37000,10,NA,NA,NA,NA
CAH11-01-01,02,04,30000,40000,50000,75,30000,38500,53000,50,NA,NA,NA,NA,38500,45000,47000,25,NA,NA,NA,NA
CAH11-01-02,01,03,23000,26000,30000,445,23000,26000,31500,330,24000,26000,29500,50,22500,26000,30000,65,NA,NA,NA,NA
CAH11-01-02,02,03,28000,35000,47500,450,28000,35000,49000,345,26000,28000,34000,25,30000,33500,49000,55,23500,34500,40000,30
CAH11-01-02,02,04,25000,33000,43000,135,27000,34000,43000,95,NA,NA,NA,NA,25000,30000,45000,25,NA,NA,NA,NA
CAH11-01-03,01,03,23000,27000,32000,355,24000,28000,33000,240,22000,26000,28000,70,24000,26000,31000,15,19500,24000,27000,30
CAH11-01-03,01,04,24000,24000,25000,10,NA,NA,NA,NA,NA,NA,NA,NA,NA,NA,NA,NA,NA,NA,NA,NA
CAH11-01-03,02,03,25000,39000,46000,30,30000,39500,48000,25,NA,NA,NA,NA,NA,NA,NA,NA,NA,NA,NA,NA
CAH11-01-03,02,04,22000,29000,44000,10,NA,NA,NA,NA,NA,NA,NA,NA,NA,NA,NA,NA,NA,NA,NA,NA
CAH11-01-04,01,03,25000,30000,35000,2080,25000,30000,35000,1585,25500,30000,33000,125,27000,30500,35000,265,23500,27000,32500,95
CAH11-01-04,01,04,21000,24000,27500,10,21000,26000,38000,10,NA,NA,NA,NA,NA,NA,NA,NA,NA,NA,NA,NA
CAH11-01-04,02,03,23000,28000,36500,80,23000,28000,42000,70,NA,NA,NA,NA,NA,NA,NA,NA,NA,NA,NA,NA
CAH11-01-04,02,04,40000,43000,47500,20,NA,NA,NA,NA,NA,NA,NA,NA,40000,43000,47500,15,NA,NA,NA,NA
CAH11-01-05,01,03,28000,32000,40000,135,28000,32000,40000,115,NA,NA,NA,NA,25000,33000,38000,15,NA,NA,NA,NA
CAH11-01-06,01,03,21000,24500,28000,1800,21000,25000,28000,1610,NA,NA,NA,NA,21000,23500,28000,125,18000,22000,26000,50
CAH11-01-06,01,04,21500,24000,30000,35,22000,25000,30000,30,NA,NA,NA,NA,NA,NA,NA,NA,NA,NA,NA,NA
CAH11-01-06,02,03,20000,24000,27000,65,20000,24500,27000,60,NA,NA,NA,NA,NA,NA,NA,NA,NA,NA,NA,NA
CAH11-01-07,01,03,24000,27500,31000,430,24000,28000,31000,335,26000,28000,34000,55,24500,27000,30000,30,21500,22500,24000,10
CAH11-01-08,01,03,23000,27000,32000,485,24000,27000,32000,350,NA,NA,NA,NA,23000,27000,32000,90,20000,24000,30000,40
CAH11-01-08,02,03,24500,27000,29000,30,24000,27000,34000,20,NA,NA,NA,NA,NA,NA,NA,NA,NA,NA,NA,NA
CAH13,01,03,23000,26000,30000,5015,23000,26000,30000,4160,22000,26000,30000,175,23500,26000,29500,520,22000,26000,30000,150
CAH13,01,04,26500,30000,32500,270,26500,30000,33000,250,NA,NA,NA,NA,21000,25000,27000,10,28000,28000,30000,10
CAH13,02,03,33500,42000,52000,1120,34000,44000,55000,910,28000,30000,34000,15,32000,40000,45000,145,35000,39000,45000,50
CAH13,02,04,27500,33000,40000,110,27500,33000,40000,70,NA,NA,NA,NA,24000,25000,30000,15,33000,40000,43000,20
CAH13-01,01,03,23000,26000,30000,5015,23000,26000,30000,4160,22000,26000,30000,175,23500,26000,29500,520,22000,26000,30000,150
CAH13-01,01,04,26500,30000,32500,270,26500,30000,33000,250,NA,NA,NA,NA,21000,25000,27000,10,28000,28000,30000,10
CAH13-01,02,03,33500,42000,52000,1120,34000,44000,55000,910,28000,30000,34000,15,32000,40000,45000,145,35000,39000,45000,50
CAH13-01,02,04,27500,33000,40000,110,27500,33000,40000,70,NA,NA,NA,NA,24000,25000,30000,15,33000,40000,43000,20
CAH13-01-01,01,03,21500,24000,26000,2225,22000,24000,26000,1905,19000,21000,25000,50,22000,24000,27500,220,21000,22000,26000,50
CAH13-01-01,01,04,27000,30000,32500,190,27500,30000,32500,180,NA,NA,NA,NA,NA,NA,NA,NA,NA,NA,NA,NA
CAH13-01-01,02,03,24000,28000,32000,115,23000,27500,30000,105,NA,NA,NA,NA,NA,NA,NA,NA,NA,NA,NA,NA
CAH13-01-01,02,04,21000,27500,32000,15,21000,27500,32000,15,NA,NA,NA,NA,NA,NA,NA,NA,NA,NA,NA,NA
CAH13-01-02,01,03,26000,29000,33000,2195,26000,29500,33000,1780,25000,28500,32000,100,25000,28000,32000,250,26000,30000,37500,65
CAH13-01-02,01,04,26500,32000,36500,55,26000,32500,39000,50,NA,NA,NA,NA,NA,NA,NA,NA,NA,NA,NA,NA
CAH13-01-02,02,03,35000,45000,54000,975,37000,45000,55000,780,29000,30000,35000,15,32000,40000,45500,135,35000,40000,45000,45
CAH13-01-02,02,04,28000,34000,42000,90,29000,35000,42500,55,NA,NA,NA,NA,24000,25000,30000,15,33000,40000,43000,20
CAH13-01-03,01,03,23000,25000,27000,80,23000,25000,27000,70,NA,NA,NA,NA,NA,NA,NA,NA,NA,NA,NA,NA
CAH13-01-04,01,03,24500,27500,30000,510,25000,28000,31000,410,23000,25000,27000,30,25000,27000,29000,35,22000,24000,30000,35
CAH13-01-04,01,04,19000,22000,24500,25,19000,22500,28000,20,NA,NA,NA,NA,NA,NA,NA,NA,NA,NA,NA,NA
CAH13-01-04,02,03,24000,34000,37000,30,24000,32000,37000,25,NA,NA,NA,NA,NA,NA,NA,NA,NA,NA,NA,NA
CAH15,01,03,23000,27000,32000,28235,23000,27000,32000,24640,22000,25000,29000,750,22500,26000,32000,1800,21000,24000,29000,1010
CAH15,01,04,20000,24000,30000,1115,20000,25000,31000,995,NA,NA,NA,NA,NA,NA,NA,NA,15000,21000,24500,115
CAH15,02,03,25000,30000,35000,2455,25000,30000,34000,1895,20000,24000,32000,100,27000,31500,37000,325,25000,31000,33000,125
CAH15,02,04,22000,28000,35000,845,20000,27000,34000,515,18000,24000,34000,30,23000,28000,33000,135,24000,32000,37500,160
CAH15-01,01,03,21500,24000,28000,9570,21500,24500,28000,8255,19000,22000,24500,185,21500,23500,27000,665,20000,23000,25000,450
CAH15-01,01,04,23000,28000,35000,210,24000,29000,35000,195,NA,NA,NA,NA,NA,NA,NA,NA,23000,28000,31000,15
CAH15-01,02,03,22500,27500,35000,425,23000,27500,36000,350,20500,24000,34000,10,22000,27000,31500,40,22000,25000,32000,25
CAH15-01,02,04,26000,29000,33000,80,25000,28000,32000,60,NA,NA,NA,NA,22500,29000,33000,10,NA,NA,NA,NA
CAH15-01-01,01,03,22000,25000,28500,600,22500,26500,30000,330,NA,NA,NA,NA,21500,23500,26000,225,19000,22000,25000,45
CAH15-01-01,02,03,23000,28000,35000,110,24500,28000,36000,80,NA,NA,NA,NA,21000,25000,29500,25,NA,NA,NA,NA
CAH15-01-01,02,04,22500,28000,35000,35,21000,28000,33000,25,NA,NA,NA,NA,22500,29000,33000,10,NA,NA,NA,NA
CAH15-01-02,01,03,21000,24000,28000,7265,21500,24000,28000,6525,19000,22000,25000,140,22000,23500,28000,260,21000,23000,25000,330
CAH15-01-02,01,04,18000,24000,27500,75,18000,24000,27500,75,NA,NA,NA,NA,NA,NA,NA,NA,NA,NA,NA,NA
CAH15-01-02,02,03,22000,27000,36000,255,23000,27000,36000,220,NA,NA,NA,NA,23000,28000,32000,10,22000,29000,42000,15
CAH15-01-02,02,04,26000,29000,31000,35,25000,29000,31000,30,NA,NA,NA,NA,NA,NA,NA,NA,NA,NA,NA,NA
CAH15-01-03,01,03,21500,24000,28000,980,22000,25000,28500,740,19000,21000,22000,35,21000,24000,27500,140,20000,22500,27000,65
CAH15-01-03,01,04,28000,32000,36000,130,28000,32000,36000,115,NA,NA,NA,NA,NA,NA,NA,NA,26000,28000,31000,15
CAH15-01-03,02,03,22500,27500,36000,50,23000,28000,36000,45,NA,NA,NA,NA,NA,NA,NA,NA,NA,NA,NA,NA
CAH15-01-04,01,03,22000,25500,30000,455,23000,26000,30000,405,NA,NA,NA,NA,22000,23000,26000,35,17000,21000,28000,10
CAH15-01-05,01,03,22000,26000,30000,220,22000,25500,31000,210,NA,NA,NA,NA,NA,NA,NA,NA,NA,NA,NA,NA
CAH15-01-06,01,03,21500,24000,26000,50,22000,24000,27000,45,NA,NA,NA,NA,NA,NA,NA,NA,NA,NA,NA,NA
CAH15-02,01,03,26500,31500,38000,7315,27000,32000,38500,6795,23000,25000,28000,145,25000,29500,34000,255,23500,26000,30000,110
CAH15-02,01,04,24000,50000,65000,10,24000,50000,65000,10,NA,NA,NA,NA,NA,NA,NA,NA,NA,NA,NA,NA
CAH15-02,02,03,24000,30000,45000,95,24000,30000,45000,85,NA,NA,NA,NA,NA,NA,NA,NA,NA,NA,NA,NA
CAH15-02,02,04,44000,53500,62000,30,50000,53500,62000,25,NA,NA,NA,NA,NA,NA,NA,NA,NA,NA,NA,NA
CAH15-02-01,01,03,26500,31500,38000,7315,27000,32000,38500,6795,23000,25000,28000,145,25000,29500,34000,255,23500,26000,30000,110
CAH15-02-01,01,04,24000,50000,65000,10,24000,50000,65000,10,NA,NA,NA,NA,NA,NA,NA,NA,NA,NA,NA,NA
CAH15-02-01,02,03,24000,30000,45000,95,24000,30000,45000,85,NA,NA,NA,NA,NA,NA,NA,NA,NA,NA,NA,NA
CAH15-02-01,02,04,44000,53500,62000,30,50000,53500,62000,25,NA,NA,NA,NA,NA,NA,NA,NA,NA,NA,NA,NA
CAH15-03,01,03,23000,27000,31000,5300,23500,27000,32000,4700,21000,22500,24500,85,22000,25000,29500,390,21000,23500,27000,120
CAH15-03,01,04,19000,21500,25000,105,19000,21500,25000,95,NA,NA,NA,NA,NA,NA,NA,NA,NA,NA,NA,NA
CAH15-03,02,03,26000,35000,46000,205,27000,36000,46000,170,NA,NA,NA,NA,28000,31500,49500,20,NA,NA,NA,NA
CAH15-03,02,04,46000,50000,52000,15,46000,50000,52000,15,NA,NA,NA,NA,NA,NA,NA,NA,NA,NA,NA,NA
CAH15-03-01,01,03,23000,27000,31000,5300,23500,27000,32000,4700,21000,22500,24500,85,22000,25000,29500,390,21000,23500,27000,120
CAH15-03-01,01,04,19000,21500,25000,105,19000,21500,25000,95,NA,NA,NA,NA,NA,NA,NA,NA,NA,NA,NA,NA
CAH15-03-01,02,03,26000,35000,46000,205,27000,36000,46000,170,NA,NA,NA,NA,28000,31500,49500,20,NA,NA,NA,NA
CAH15-03-01,02,04,46000,50000,52000,15,46000,50000,52000,15,NA,NA,NA,NA,NA,NA,NA,NA,NA,NA,NA,NA
CAH15-04,01,03,22500,28000,32500,6055,22000,28000,32000,4895,24000,27500,32000,335,26000,34000,38000,490,20000,27500,33000,330
CAH15-04,01,04,19500,24000,30000,790,20000,25000,30000,695,NA,NA,NA,NA,NA,NA,NA,NA,15000,20000,24000,95
CAH15-04,02,03,25000,30500,34000,1730,25000,30000,33000,1285,19000,25000,32000,80,27500,32000,37000,260,28000,32000,34000,95
CAH15-04,02,04,21000,27000,34000,720,19500,25000,32000,420,14000,20000,30000,20,23000,28000,33000,125,24000,32000,37500,160
CAH15-04-01,01,03,28000,32000,34000,3570,28000,31000,34000,2795,27000,31000,33000,245,30000,36000,39000,360,29500,33000,36000,165
CAH15-04-01,01,04,24000,30000,32000,330,24000,30000,32000,325,NA,NA,NA,NA,NA,NA,NA,NA,NA,NA,NA,NA
CAH15-04-01,02,03,30000,32000,34500,865,30000,32000,34000,670,25500,29500,32000,25,35000,37000,39000,90,30500,32000,34000,70
CAH15-04-01,02,04,22500,28000,31000,160,22000,30000,31000,80,12000,20000,31000,15,24500,30000,40000,15,23000,26000,30000,55
CAH15-04-02,01,03,18000,22500,27000,1440,18500,23000,27000,1210,16000,21000,22500,40,20000,25000,30000,105,16000,20000,25000,85
CAH15-04-02,01,04,15000,20000,24000,185,15000,21000,24000,155,NA,NA,NA,NA,NA,NA,NA,NA,13000,15000,21000,30
CAH15-04-02,02,03,21000,26500,30000,565,20000,26000,30000,385,12000,21000,23000,35,26000,29000,32000,130,14000,22000,25000,10
CAH15-04-02,02,04,18000,22000,27000,205,18000,21000,25000,160,NA,NA,NA,NA,22000,25000,31000,35,NA,NA,NA,NA
CAH15-04-03,01,03,20000,23000,27000,1045,20000,23000,27000,890,21000,22000,24500,50,21000,24500,27500,25,20000,23500,27000,85
CAH15-04-03,01,04,20000,22500,25000,270,20000,23000,25500,210,NA,NA,NA,NA,NA,NA,NA,NA,16000,21000,24000,60
CAH15-04-03,02,03,22000,27000,35000,300,22000,27000,36000,230,23000,30000,32000,20,22000,26000,34000,40,24000,27000,31000,15
CAH15-04-03,02,04,23000,32000,38000,355,22000,29500,38000,180,NA,NA,NA,NA,23000,30000,34000,75,28000,35000,38000,95
CAH16,01,03,21000,24000,28000,10355,21000,24000,28500,8585,20000,23000,24500,260,22000,23500,27000,955,21000,23000,25500,535
CAH16,01,04,23500,28000,35000,665,23000,28000,35000,610,NA,NA,NA,NA,NA,NA,NA,NA,24000,29000,30000,45
CAH16,02,03,24000,30500,45000,665,24000,30000,44000,540,23000,27000,30000,30,30000,42000,52000,70,22000,22500,35000,25
CAH16,02,04,27000,30000,32000,875,27000,30000,32000,810,NA,NA,NA,NA,NA,NA,NA,NA,24500,28000,31000,55
CAH16-01,01,03,21000,24000,28000,10355,21000,24000,28500,8585,20000,23000,24500,260,22000,23500,27000,955,21000,23000,25500,535
CAH16-01,01,04,23500,28000,35000,665,23000,28000,35000,610,NA,NA,NA,NA,NA,NA,NA,NA,24000,29000,30000,45
CAH16-01,02,03,24000,30500,45000,665,24000,30000,44000,540,23000,27000,30000,30,30000,42000,52000,70,22000,22500,35000,25
CAH16-01,02,04,27000,30000,32000,875,27000,30000,32000,810,NA,NA,NA,NA,NA,NA,NA,NA,24500,28000,31000,55
CAH16-01-01,01,03,21000,24000,28000,10355,21000,24000,28500,8585,20000,23000,24500,260,22000,23500,27000,955,21000,23000,25500,535
CAH16-01-01,01,04,23500,28000,35000,665,23000,28000,35000,610,NA,NA,NA,NA,NA,NA,NA,NA,24000,29000,30000,45
CAH16-01-01,02,03,24000,30500,45000,665,24000,30000,44000,540,23000,27000,30000,30,30000,42000,52000,70,22000,22500,35000,25
CAH16-01-01,02,04,27000,30000,32000,875,27000,30000,32000,810,NA,NA,NA,NA,NA,NA,NA,NA,24500,28000,31000,55
CAH17,01,03,23000,26000,30000,31675,23000,26000,30500,27100,21500,24000,26500,870,22500,25000,28500,2860,21500,24000,27500,780
CAH17,01,04,20000,24000,30000,1525,20000,25000,30000,1385,NA,NA,NA,NA,20000,21500,24500,60,19000,21000,24500,80
CAH17,02,03,27000,37000,49000,2190,27500,38000,49000,1755,22000,25000,31500,110,28000,36500,56000,255,25500,32000,42000,70
CAH17,02,04,27500,34000,42000,635,28000,35000,42000,500,30000,35500,42000,25,25500,31000,47000,75,24000,28500,35000,40
CAH17-01,01,03,23000,26000,30000,31675,23000,26000,30500,27100,21500,24000,26500,870,22500,25000,28500,2860,21500,24000,27500,780
CAH17-01,01,04,20000,24000,30000,1525,20000,25000,30000,1385,NA,NA,NA,NA,20000,21500,24500,60,19000,21000,24500,80
CAH17-01,02,03,27000,37000,49000,2190,27500,38000,49000,1755,22000,25000,31500,110,28000,36500,56000,255,25500,32000,42000,70
CAH17-01,02,04,27500,34000,42000,635,28000,35000,42000,500,30000,35500,42000,25,25500,31000,47000,75,24000,28500,35000,40
CAH17-01-01,01,03,23000,26000,31000,4750,23000,26000,32000,4310,22000,23000,26500,20,22500,25500,28500,275,22000,25000,28000,125
CAH17-01-01,01,04,20000,23000,27000,140,20000,23000,28000,110,NA,NA,NA,NA,20000,21000,22000,15,21000,22000,25000,15
CAH17-01-01,02,03,26000,35000,45000,705,27000,35000,45000,565,19000,25000,45000,20,26000,30000,41000,75,23000,29000,37000,40
CAH17-01-01,02,04,23500,29000,40000,170,24000,30000,42000,125,NA,NA,NA,NA,24000,29000,42000,35,19000,21000,35000,10
CAH17-01-02,01,03,23000,26000,30000,7940,23000,26500,30500,6920,22000,24000,26000,240,23500,26000,30500,610,22000,25000,27500,150
CAH17-01-02,01,04,20000,24500,29000,575,20000,25000,30000,545,NA,NA,NA,NA,13000,21500,24500,15,20000,24500,28000,15
CAH17-01-02,02,03,25000,30000,45000,445,25000,31000,42000,295,20000,24000,28000,50,27500,36000,71000,95,NA,NA,NA,NA
CAH17-01-02,02,04,22000,27000,32000,50,22000,26000,30000,40,NA,NA,NA,NA,NA,NA,NA,NA,NA,NA,NA,NA
CAH17-01-03,01,03,23000,25000,29000,3885,23000,25000,29000,3405,22500,24000,26000,100,22000,24500,28000,315,21000,25000,27000,60
CAH17-01-03,01,04,20000,23000,27000,15,20000,23000,27000,15,NA,NA,NA,NA,NA,NA,NA,NA,NA,NA,NA,NA
CAH17-01-03,02,03,23000,27000,32500,60,23000,27000,32000,45,NA,NA,NA,NA,NA,NA,NA,NA,NA,NA,NA,NA
CAH17-01-04,01,03,24000,28000,33500,3840,24500,28000,35000,3280,23000,25000,27000,80,23000,25000,30000,305,22000,25000,28000,170
CAH17-01-04,01,04,21000,25000,33000,345,21500,25000,33000,325,NA,NA,NA,NA,NA,NA,NA,NA,19000,21000,26000,20
CAH17-01-04,02,03,36000,45000,53000,700,37500,46000,52500,600,28000,31500,45000,20,30000,45000,67500,65,29000,42000,50000,15
CAH17-01-04,02,04,32000,36000,49000,200,33000,36500,49000,155,30000,35500,42000,25,33000,38000,50000,15,NA,NA,NA,NA
CAH17-01-05,01,03,23000,25500,30000,780,23000,26000,30000,580,22500,25000,27500,45,24000,26000,30000,140,19000,24000,30000,15
CAH17-01-05,01,04,23000,26500,35000,20,23000,26500,35000,20,NA,NA,NA,NA,NA,NA,NA,NA,NA,NA,NA,NA
CAH17-01-05,02,03,36000,41000,45000,70,35000,42000,46000,60,NA,NA,NA,NA,NA,NA,NA,NA,NA,NA,NA,NA
CAH17-01-05,02,04,31000,37000,43000,135,30000,36000,42500,130,NA,NA,NA,NA,NA,NA,NA,NA,NA,NA,NA,NA
CAH17-01-06,01,03,21500,24000,28000,3105,22000,24500,28000,2555,19500,22000,25000,110,21000,23500,26000,340,20000,23000,27000,85
CAH17-01-06,01,04,18000,23000,27000,320,19000,23000,27000,285,NA,NA,NA,NA,NA,NA,NA,NA,14000,20000,22000,30
CAH17-01-06,02,03,22000,27000,35000,70,22000,27000,35000,60,NA,NA,NA,NA,NA,NA,NA,NA,NA,NA,NA,NA
CAH17-01-06,02,04,27000,30000,43500,55,25000,30000,43500,45,NA,NA,NA,NA,NA,NA,NA,NA,NA,NA,NA,NA
CAH17-01-07,01,03,23000,27000,31500,2990,23500,27000,32000,2540,23000,25500,28000,120,23000,26000,29000,265,21000,24000,28000,65
CAH17-01-07,02,03,22500,26000,32000,50,22500,25500,32000,40,NA,NA,NA,NA,NA,NA,NA,NA,NA,NA,NA,NA
CAH17-01-08,01,03,22500,25000,30000,4330,23000,26000,30000,3455,20000,22000,25000,150,22000,24500,27500,610,21500,24000,27000,105
CAH17-01-08,01,04,25000,32000,38500,90,30000,33000,39000,70,NA,NA,NA,NA,20000,22000,25000,20,NA,NA,NA,NA
CAH17-01-08,02,03,22000,29000,37000,95,22000,26500,35000,85,NA,NA,NA,NA,NA,NA,NA,NA,NA,NA,NA,NA
CAH17-01-08,02,04,22500,25000,31000,15,NA,NA,NA,NA,NA,NA,NA,NA,NA,NA,NA,NA,NA,NA,NA,NA
CAH17-01-09,01,03,20000,24000,26500,55,20000,24000,26500,55,NA,NA,NA,NA,NA,NA,NA,NA,NA,NA,NA,NA
CAH17-01-09,01,04,19500,20000,22000,15,19500,20000,22000,15,NA,NA,NA,NA,NA,NA,NA,NA,NA,NA,NA,NA
CAH19,01,03,22000,25000,28500,9020,22000,25000,29000,8035,20000,22500,25000,145,21000,24000,28000,545,20000,22000,27000,275
CAH19,01,04,29000,38000,42500,70,22500,26500,30000,15,NA,NA,NA,NA,22000,28000,31000,15,38500,40000,44000,40
CAH19,02,03,23000,27000,32000,415,23000,27000,32000,355,15000,24000,28500,15,23500,27000,37500,25,24000,27000,33000,20
CAH19,02,04,30000,41000,51000,110,25500,43000,60000,55,30000,38000,48000,15,33000,40000,47000,35,NA,NA,NA,NA
CAH19-01,01,03,21000,24000,28000,5785,21500,24500,28000,5200,19000,22000,25000,85,20000,23500,28000,305,19000,22000,25000,180
CAH19-01,01,04,21000,25500,26500,10,NA,NA,NA,NA,NA,NA,NA,NA,NA,NA,NA,NA,NA,NA,NA,NA
CAH19-01,02,03,23000,27000,30000,340,23000,27000,30000,290,15000,22000,28500,10,23500,27000,29000,20,25500,27000,33000,20
CAH19-01,02,04,23500,41500,55000,50,24000,42500,55000,45,NA,NA,NA,NA,NA,NA,NA,NA,NA,NA,NA,NA
CAH19-01-01,01,03,22000,25000,28000,2175,22000,25000,28500,1950,20000,22000,25000,60,20000,23000,28000,130,19000,21000,25500,25
CAH19-01-01,02,03,23000,28000,36000,20,23000,28000,36000,20,NA,NA,NA,NA,NA,NA,NA,NA,NA,NA,NA,NA
CAH19-01-02,01,03,21000,24000,28000,530,21000,24000,28000,490,NA,NA,NA,NA,19500,22000,23000,15,19500,23000,27500,20
CAH19-01-02,02,03,23000,27000,30000,90,23000,26000,30000,80,NA,NA,NA,NA,NA,NA,NA,NA,NA,NA,NA,NA
CAH19-01-03,01,03,21500,24000,28000,2060,21500,24500,28000,1830,NA,NA,NA,NA,21000,24000,28000,130,20000,22000,26000,90
CAH19-01-03,02,03,23500,27000,31000,165,24000,27000,30500,140,NA,NA,NA,NA,23500,27000,37500,15,NA,NA,NA,NA
CAH19-01-03,02,04,32000,39000,50000,15,32000,39000,50000,15,NA,NA,NA,NA,NA,NA,NA,NA,NA,NA,NA,NA
CAH19-01-05,01,03,19000,22000,25000,565,19500,22000,25500,535,NA,NA,NA,NA,NA,NA,NA,NA,14000,18500,22000,25
CAH19-01-05,02,03,21000,26000,30000,55,21000,26000,30500,45,NA,NA,NA,NA,NA,NA,NA,NA,NA,NA,NA,NA
CAH19-01-05,02,04,43000,50000,83000,15,38000,44000,83000,15,NA,NA,NA,NA,NA,NA,NA,NA,NA,NA,NA,NA
CAH19-01-06,01,03,23000,25000,28000,15,23000,26000,27000,10,NA,NA,NA,NA,NA,NA,NA,NA,NA,NA,NA,NA
CAH19-01-07,01,03,21000,23500,28000,435,21000,24000,28000,385,15000,21000,24000,20,21000,23500,26000,15,18000,21500,23000,15
CAH19-01-07,02,03,19000,26000,28500,15,NA,NA,NA,NA,NA,NA,NA,NA,NA,NA,NA,NA,NA,NA,NA,NA
CAH19-02,01,03,22000,25000,27500,45,NA,NA,NA,NA,NA,NA,NA,NA,NA,NA,NA,NA,23000,27000,28500,25
CAH19-02,01,04,31000,39000,44000,50,NA,NA,NA,NA,NA,NA,NA,NA,22000,29000,31000,15,38500,40000,44000,40
CAH19-02,02,04,30000,40000,47000,25,NA,NA,NA,NA,30000,38000,48000,15,35000,40000,42000,10,NA,NA,NA,NA
CAH19-02-02,01,04,22000,29000,31000,15,NA,NA,NA,NA,NA,NA,NA,NA,22000,29000,31000,15,NA,NA,NA,NA
CAH19-02-02,02,04,35000,40000,42000,10,NA,NA,NA,NA,NA,NA,NA,NA,35000,40000,42000,10,NA,NA,NA,NA
CAH19-02-03,01,03,23000,27000,28500,25,NA,NA,NA,NA,NA,NA,NA,NA,NA,NA,NA,NA,23000,27000,28500,25
CAH19-02-03,01,04,38500,40000,44000,40,NA,NA,NA,NA,NA,NA,NA,NA,NA,NA,NA,NA,38500,40000,44000,40
CAH19-02-04,02,04,30000,38000,48000,15,NA,NA,NA,NA,30000,38000,48000,15,NA,NA,NA,NA,NA,NA,NA,NA
CAH19-04,01,03,23000,26000,30000,3195,23000,26500,30500,2830,20000,23000,25000,50,22000,25000,28000,240,20500,22000,27500,70
CAH19-04,02,03,23500,27000,33000,70,23500,27000,33000,60,NA,NA,NA,NA,NA,NA,NA,NA,NA,NA,NA,NA
CAH19-04,02,04,33000,42500,50000,30,28000,50000,70000,10,NA,NA,NA,NA,33000,41000,47000,20,NA,NA,NA,NA
CAH19-04-01,01,03,23000,26000,30000,670,23000,26500,30000,575,19000,22000,24500,20,21500,25000,28000,65,21000,25000,28000,15
CAH19-04-02,01,03,23000,26000,31000,255,23000,26000,31500,230,NA,NA,NA,NA,21500,24500,28000,15,NA,NA,NA,NA
CAH19-04-03,01,03,22500,26000,30000,105,23000,26500,30000,90,NA,NA,NA,NA,NA,NA,NA,NA,NA,NA,NA,NA
CAH19-04-04,01,03,23000,26000,30000,660,23000,27000,30000,570,20000,23000,24000,20,21000,25000,28000,55,21000,22000,27500,15
CAH19-04-04,02,04,35000,42500,45000,10,NA,NA,NA,NA,NA,NA,NA,NA,41000,42500,45000,10,NA,NA,NA,NA
CAH19-04-05,01,03,23000,28000,33500,90,23000,28500,32500,75,NA,NA,NA,NA,22000,25000,34000,15,NA,NA,NA,NA
CAH19-04-06,01,03,21500,25000,30000,245,21500,25000,30000,230,NA,NA,NA,NA,NA,NA,NA,NA,NA,NA,NA,NA
CAH19-04-07,01,03,24000,28000,33000,90,24000,28000,34000,80,NA,NA,NA,NA,NA,NA,NA,NA,NA,NA,NA,NA
CAH19-04-08,01,03,20500,24000,27500,200,21000,24000,28000,195,NA,NA,NA,NA,NA,NA,NA,NA,NA,NA,NA,NA
CAH19-04-09,01,03,24000,27000,31000,885,24000,27500,31500,785,NA,NA,NA,NA,22000,24000,27000,70,21500,25000,28000,25
CAH19-04-09,02,03,22000,26000,33000,45,23000,26000,33000,35,NA,NA,NA,NA,NA,NA,NA,NA,NA,NA,NA,NA
CAH20,01,03,22000,25000,30000,9215,22000,25500,30000,8170,19500,22500,24000,125,20500,23500,28000,625,20500,23000,27000,280
CAH20,01,04,20000,25000,27000,80,22500,25000,27000,70,NA,NA,NA,NA,NA,NA,NA,NA,NA,NA,NA,NA
CAH20,02,03,22500,27500,37000,415,23000,28000,37000,345,19000,20000,26000,10,22500,28000,37500,45,NA,NA,NA,NA
CAH20,02,04,27000,38000,56500,125,27000,38000,57000,125,NA,NA,NA,NA,NA,NA,NA,NA,NA,NA,NA,NA
CAH20-01,01,03,22000,25000,30000,6985,22000,25500,30000,6160,19500,22500,24000,105,20500,23000,28000,485,20500,23000,27500,225
CAH20-01,01,04,24000,25000,27000,10,NA,NA,NA,NA,NA,NA,NA,NA,NA,NA,NA,NA,NA,NA,NA,NA
CAH20-01,02,03,22000,27000,36000,310,22500,27000,35000,260,NA,NA,NA,NA,22500,26000,37500,40,NA,NA,NA,NA
CAH20-01,02,04,35000,51500,60000,70,35000,45000,60000,70,NA,NA,NA,NA,NA,NA,NA,NA,NA,NA,NA,NA
CAH20-01-01,01,03,22000,25500,30000,5760,22000,26000,30000,5070,18500,22500,24000,90,21000,23000,28000,385,21000,23000,27500,200
CAH20-01-01,02,03,22000,26000,36000,230,22000,26000,35000,185,NA,NA,NA,NA,21500,25000,37500,35,NA,NA,NA,NA
CAH20-01-01,02,04,33000,35000,55000,30,33000,35000,55000,30,NA,NA,NA,NA,NA,NA,NA,NA,NA,NA,NA,NA
CAH20-01-02,01,03,22000,25000,28000,370,22000,25000,28000,320,NA,NA,NA,NA,20000,24000,28000,45,NA,NA,NA,NA
CAH20-01-02,02,04,56000,60000,67000,15,56000,60000,67000,15,NA,NA,NA,NA,NA,NA,NA,NA,NA,NA,NA,NA
CAH20-01-03,01,03,21000,23000,25000,355,21500,23500,25500,310,NA,NA,NA,NA,19000,21500,22500,25,20000,21000,23000,10
CAH20-01-03,02,03,21500,35000,52000,15,23500,35000,52000,15,NA,NA,NA,NA,NA,NA,NA,NA,NA,NA,NA,NA
CAH20-01-03,02,04,38500,70000,108000,15,38500,70000,108000,15,NA,NA,NA,NA,NA,NA,NA,NA,NA,NA,NA,NA
CAH20-01-05,01,03,22000,25000,30000,495,22000,25500,30000,455,NA,NA,NA,NA,20000,24500,33000,30,20000,22500,23500,10
CAH20-01-05,02,03,25000,30000,34500,60,25000,30000,34000,55,NA,NA,NA,NA,NA,NA,NA,NA,NA,NA,NA,NA
CAH20-02,01,03,22000,26000,30000,2235,22500,26000,30000,2010,21000,22000,25000,20,21000,24000,28000,140,20000,24000,27000,55
CAH20-02,01,04,15000,25000,27000,65,22000,25000,27000,60,NA,NA,NA,NA,NA,NA,NA,NA,NA,NA,NA,NA
CAH20-02,02,03,24000,28000,40000,100,24000,28000,40000,90,NA,NA,NA,NA,NA,NA,NA,NA,NA,NA,NA,NA
CAH20-02,02,04,19000,27000,38000,55,22000,27000,38500,55,NA,NA,NA,NA,NA,NA,NA,NA,NA,NA,NA,NA
CAH20-02-01,01,03,22000,26000,31000,1495,22500,26000,31500,1375,NA,NA,NA,NA,21000,25000,29000,80,19000,23000,27000,30
CAH20-02-01,02,03,25000,29000,42000,30,24500,28000,42000,25,NA,NA,NA,NA,NA,NA,NA,NA,NA,NA,NA,NA
CAH20-02-02,01,03,22000,25000,28500,740,22500,25500,29500,630,21000,22000,25000,15,20000,24000,28000,60,21500,24000,27000,30
CAH20-02-02,01,04,20000,25000,27000,60,24000,25500,27000,55,NA,NA,NA,NA,NA,NA,NA,NA,NA,NA,NA,NA
CAH20-02-02,02,03,24000,27500,40000,70,24000,28000,40000,60,NA,NA,NA,NA,NA,NA,NA,NA,NA,NA,NA,NA
CAH20-02-02,02,04,18000,25500,37000,50,19000,25500,37000,50,NA,NA,NA,NA,NA,NA,NA,NA,NA,NA,NA,NA
CAH22,01,03,23000,27000,30000,10225,23000,27000,29000,8645,22000,24000,25000,230,28000,32500,37000,915,18000,26000,28000,415
CAH22,01,04,19000,25000,29000,1935,19000,25000,28500,1850,NA,NA,NA,NA,36000,42000,43000,15,19000,27500,30000,75
CAH22,02,03,23000,28000,30000,1385,22000,26000,29000,1040,22000,30000,48000,30,27000,32000,36500,290,18500,22000,25000,30
CAH22,02,04,23000,29000,35000,2180,22500,28000,35000,1735,28000,32500,35000,95,30000,40000,45000,130,24000,29000,35000,215
CAH22-01,01,03,23000,27000,30000,10225,23000,27000,29000,8645,22000,24000,25000,230,28000,32500,37000,915,18000,26000,28000,415
CAH22-01,01,04,19000,25000,29000,1935,19000,25000,28500,1850,NA,NA,NA,NA,36000,42000,43000,15,19000,27500,30000,75
CAH22-01,02,03,23000,28000,30000,1385,22000,26000,29000,1040,22000,30000,48000,30,27000,32000,36500,290,18500,22000,25000,30
CAH22-01,02,04,23000,29000,35000,2180,22500,28000,35000,1735,28000,32500,35000,95,30000,40000,45000,130,24000,29000,35000,215
CAH22-01-01,01,03,20000,25000,28000,3910,20000,25000,28000,3590,19000,20000,22500,15,23000,26500,28500,75,17000,21500,27000,220
CAH22-01-01,01,04,16000,20000,25000,895,16000,20000,25000,870,NA,NA,NA,NA,NA,NA,NA,NA,15000,21000,28000,25
CAH22-01-01,02,03,22000,26500,30000,1040,21000,26000,28500,800,12500,22000,35000,10,28000,32000,37000,205,18500,24000,25000,25
CAH22-01-01,02,04,18000,25000,35000,770,17000,23000,33000,535,29000,33000,35000,90,26000,38000,44500,100,13000,21500,32000,45
CAH22-01-02,01,03,25000,28000,30000,6315,25000,28000,29000,5055,22000,24000,25000,215,28500,33000,37000,840,25500,27000,29000,195
CAH22-01-02,01,04,23500,28000,31000,1040,23500,28000,31000,980,NA,NA,NA,NA,36000,43000,44000,10,23000,27500,30000,50
CAH22-01-02,02,03,25500,28000,32000,345,25000,28000,30000,240,28000,35000,48000,15,27000,32000,33500,85,NA,NA,NA,NA
CAH22-01-02,02,04,26000,30000,35000,1405,25000,30000,35000,1200,NA,NA,NA,NA,37000,40000,45000,30,26000,29500,36500,170
CAH23,01,03,24000,27000,30500,710,24000,27000,31000,640,15500,22000,28000,25,23000,28000,30500,35,NA,NA,NA,NA
CAH23,01,04,21500,25000,27000,15,21000,23000,27000,10,NA,NA,NA,NA,NA,NA,NA,NA,NA,NA,NA,NA
CAH23,02,03,24000,29500,38000,930,24000,29000,38000,705,23000,27000,32500,40,24500,30000,40000,140,24500,30000,35000,45
CAH23,02,04,23500,27000,35000,190,22000,27500,35000,125,24000,24000,30000,10,25000,28000,35000,40,24000,27000,36500,20
CAH23-01,01,03,24000,27000,30500,710,24000,27000,31000,640,15500,22000,28000,25,23000,28000,30500,35,NA,NA,NA,NA
CAH23-01,01,04,21500,25000,27000,15,21000,23000,27000,10,NA,NA,NA,NA,NA,NA,NA,NA,NA,NA,NA,NA
CAH23-01,02,03,24000,29500,38000,930,24000,29000,38000,705,23000,27000,32500,40,24500,30000,40000,140,24500,30000,35000,45
CAH23-01,02,04,23500,27000,35000,190,22000,27500,35000,125,24000,24000,30000,10,25000,28000,35000,40,24000,27000,36500,20
CAH23-01-01,01,03,23500,28000,32000,195,23500,28000,32000,190,NA,NA,NA,NA,NA,NA,NA,NA,NA,NA,NA,NA
CAH23-01-01,02,03,24500,30000,38000,760,24000,29500,38000,565,23500,28000,32500,35,24500,30000,40000,120,27500,30000,40000,35
CAH23-01-01,02,04,23500,27500,35000,135,23000,27500,35000,90,24000,24000,30000,10,25000,30000,48000,20,24000,26000,36500,15
CAH23-01-02,01,03,23000,27500,30000,130,23500,27000,30000,100,NA,NA,NA,NA,24000,28000,30000,25,NA,NA,NA,NA
CAH23-01-02,02,03,31000,41500,49000,15,35000,41500,50000,10,NA,NA,NA,NA,NA,NA,NA,NA,NA,NA,NA,NA
CAH23-01-02,02,04,27000,28000,28500,10,NA,NA,NA,NA,NA,NA,NA,NA,27000,28000,28500,10,NA,NA,NA,NA
CAH23-01-03,01,03,23000,26000,30000,110,23000,26000,30000,105,NA,NA,NA,NA,NA,NA,NA,NA,NA,NA,NA,NA
CAH23-01-03,02,03,22000,28000,32500,145,22000,28000,33000,125,NA,NA,NA,NA,23000,31000,55000,10,NA,NA,NA,NA
CAH23-01-03,02,04,22000,26000,30000,40,22000,26000,39000,30,NA,NA,NA,NA,NA,NA,NA,NA,NA,NA,NA,NA
CAH23-01-04,01,03,24000,27000,30000,280,24000,27000,31000,245,15500,22000,28000,25,NA,NA,NA,NA,NA,NA,NA,NA
CAH24,01,03,21000,23500,26000,4980,21000,24000,26500,4280,20000,22000,25000,140,20000,22500,25000,380,20000,22000,24500,165
CAH24,01,04,14000,20000,22000,20,14000,20000,21500,20,NA,NA,NA,NA,NA,NA,NA,NA,NA,NA,NA,NA
CAH24,02,03,20000,23000,26000,65,20000,23000,26000,55,NA,NA,NA,NA,NA,NA,NA,NA,NA,NA,NA,NA
CAH24-01,01,03,21000,23500,26000,4980,21000,24000,26500,4280,20000,22000,25000,140,20000,22500,25000,380,20000,22000,24500,165
CAH24-01,01,04,14000,20000,22000,20,14000,20000,21500,20,NA,NA,NA,NA,NA,NA,NA,NA,NA,NA,NA,NA
CAH24-01,02,03,20000,23000,26000,65,20000,23000,26000,55,NA,NA,NA,NA,NA,NA,NA,NA,NA,NA,NA,NA
CAH24-01-01,01,03,22000,26000,33000,45,22000,26000,33000,45,NA,NA,NA,NA,NA,NA,NA,NA,NA,NA,NA,NA
CAH24-01-02,01,03,22000,25000,28000,190,22000,25000,28000,150,NA,NA,NA,NA,22000,25000,30000,30,NA,NA,NA,NA
CAH24-01-03,01,03,21500,24000,26500,130,21500,24000,26500,130,NA,NA,NA,NA,NA,NA,NA,NA,NA,NA,NA,NA
CAH24-01-04,01,03,21000,24000,26000,1670,21000,24000,26500,1460,21000,23000,24000,25,21000,23000,26000,115,21000,22500,26000,60
CAH24-01-04,02,03,17500,21000,26000,20,17500,21000,26000,20,NA,NA,NA,NA,NA,NA,NA,NA,NA,NA,NA,NA
CAH24-01-05,01,03,20000,23000,26000,2945,20000,23000,26000,2495,19000,22000,25000,110,19500,22000,25000,235,19000,22000,24000,105
CAH24-01-05,01,04,8000,20000,22000,15,14000,20000,22000,15,NA,NA,NA,NA,NA,NA,NA,NA,NA,NA,NA,NA
CAH24-01-05,02,03,20000,23000,25000,35,20000,22000,25000,30,NA,NA,NA,NA,NA,NA,NA,NA,NA,NA,NA,NA
CAH25,01,03,20000,23000,26000,19485,20000,23000,26000,17445,18000,22000,25000,300,19500,22000,25000,1015,18000,21000,24500,675
CAH25,01,04,16500,21000,25000,615,17000,21000,26000,580,NA,NA,NA,NA,12000,21500,24000,15,18000,20000,21500,20
CAH25,02,03,21000,25000,30000,280,21000,25000,30000,250,NA,NA,NA,NA,19000,24000,30000,20,22000,22000,31000,10
CAH25,02,04,21500,27500,42000,55,22000,27500,42000,45,NA,NA,NA,NA,NA,NA,NA,NA,NA,NA,NA,NA
CAH25-01,01,03,20000,23000,26000,13780,20000,23000,26000,12365,18000,22000,25000,225,20000,22000,25000,705,19000,21000,24500,450
CAH25-01,01,04,18000,21500,26000,365,18000,22000,27000,340,NA,NA,NA,NA,NA,NA,NA,NA,20000,20500,21500,15
CAH25-01,02,03,21000,25000,30000,215,21000,25000,29000,190,NA,NA,NA,NA,17000,24000,26000,15,22000,22000,31000,10
CAH25-01,02,04,21500,26000,34000,35,22000,27000,37000,30,NA,NA,NA,NA,NA,NA,NA,NA,NA,NA,NA,NA
CAH25-01-01,01,03,19500,23000,26000,155,20000,23000,27000,140,NA,NA,NA,NA,NA,NA,NA,NA,3500,12000,16000,10
CAH25-01-01,01,04,18500,20000,22000,10,18500,20000,22000,10,NA,NA,NA,NA,NA,NA,NA,NA,NA,NA,NA,NA
CAH25-01-02,01,03,18000,22000,25000,1180,18500,22000,25000,1055,13000,18000,23000,15,16500,21000,24000,75,17500,21000,24000,25
CAH25-01-02,02,03,18000,24000,50000,10,18000,21000,28000,10,NA,NA,NA,NA,NA,NA,NA,NA,NA,NA,NA,NA
CAH25-01-03,01,03,21000,23500,26000,8400,21000,24000,26000,7470,19000,23000,26000,120,20000,23000,25000,515,19000,21500,24500,275
CAH25-01-03,01,04,20000,23500,28000,130,20000,24000,28000,115,NA,NA,NA,NA,NA,NA,NA,NA,NA,NA,NA,NA
CAH25-01-03,02,03,22000,25000,30000,145,22000,26000,30000,130,NA,NA,NA,NA,13000,24000,25000,10,NA,NA,NA,NA
CAH25-01-03,02,04,21500,27500,34000,25,22000,27500,30000,20,NA,NA,NA,NA,NA,NA,NA,NA,NA,NA,NA,NA
CAH25-01-04,01,03,20000,22000,26000,3790,20000,22500,26000,3460,17500,21000,23000,80,19000,21500,24000,110,18000,21000,25000,125
CAH25-01-04,01,04,15500,20000,24000,95,15500,20000,24000,95,NA,NA,NA,NA,NA,NA,NA,NA,NA,NA,NA,NA
CAH25-01-04,02,03,18000,22000,28000,45,18000,22000,28000,40,NA,NA,NA,NA,NA,NA,NA,NA,NA,NA,NA,NA
CAH25-01-05,01,03,20000,22000,26000,260,20000,22000,26000,240,NA,NA,NA,NA,NA,NA,NA,NA,19500,22000,24000,10
CAH25-01-05,01,04,18000,21500,24000,115,18000,21500,24000,115,NA,NA,NA,NA,NA,NA,NA,NA,NA,NA,NA,NA
CAH25-02,01,03,19000,22500,26000,5705,19000,23000,26500,5085,14000,21000,24000,75,18000,22000,26000,310,18000,21000,24500,225
CAH25-02,01,04,14500,20000,24500,250,14000,20000,24500,235,NA,NA,NA,NA,NA,NA,NA,NA,NA,NA,NA,NA
CAH25-02,02,03,20500,24000,30000,65,20500,24000,30000,60,NA,NA,NA,NA,NA,NA,NA,NA,NA,NA,NA,NA
CAH25-02,02,04,22000,32000,52000,20,21500,32000,50000,15,NA,NA,NA,NA,NA,NA,NA,NA,NA,NA,NA,NA
CAH25-02-01,01,03,17000,21500,25000,230,17000,21500,25000,215,NA,NA,NA,NA,NA,NA,NA,NA,NA,NA,NA,NA
CAH25-02-01,01,04,16000,20000,21000,15,16000,20000,21000,15,NA,NA,NA,NA,NA,NA,NA,NA,NA,NA,NA,NA
CAH25-02-02,01,03,19000,23000,26000,2900,19000,23000,26500,2585,14000,19000,24000,45,19000,22500,26000,155,19000,22000,24500,115
CAH25-02-02,01,04,15000,19000,23000,60,15000,19500,24000,55,NA,NA,NA,NA,NA,NA,NA,NA,NA,NA,NA,NA
CAH25-02-02,02,03,17000,23000,28000,45,17000,22000,27000,40,NA,NA,NA,NA,NA,NA,NA,NA,NA,NA,NA,NA
CAH25-02-02,02,04,22000,32000,52000,15,21500,32000,50000,15,NA,NA,NA,NA,NA,NA,NA,NA,NA,NA,NA,NA
CAH25-02-03,01,03,19000,23000,27000,2230,19000,23000,27000,1950,18500,22000,25000,30,17500,22000,26000,145,17000,21000,24000,100
CAH25-02-03,01,04,12500,20000,26000,150,12000,20000,27000,145,NA,NA,NA,NA,NA,NA,NA,NA,NA,NA,NA,NA
CAH25-02-03,02,03,24000,30000,33500,20,24000,30000,36000,15,NA,NA,NA,NA,NA,NA,NA,NA,NA,NA,NA,NA
CAH25-02-04,01,03,16000,22000,25000,340,16000,22000,25000,330,NA,NA,NA,NA,NA,NA,NA,NA,NA,NA,NA,NA
CAH25-02-04,01,04,14000,19000,24000,25,14000,19000,24000,25,NA,NA,NA,NA,NA,NA,NA,NA,NA,NA,NA,NA
CAH26,01,03,23000,26000,30000,6135,23500,26500,30000,5395,22000,24000,27500,120,23000,26000,30000,365,21500,24000,27000,235
CAH26,01,04,20000,23000,29000,10,NA,NA,NA,NA,NA,NA,NA,NA,NA,NA,NA,NA,NA,NA,NA,NA
CAH26,02,03,24000,28000,34000,195,24000,28000,32500,145,NA,NA,NA,NA,22500,26000,34500,30,24000,25000,34500,15
CAH26,02,04,25000,29500,42000,30,25000,30000,42000,15,NA,NA,NA,NA,NA,NA,NA,NA,NA,NA,NA,NA
CAH26-01,01,03,23000,26000,30000,6135,23500,26500,30000,5395,22000,24000,27500,120,23000,26000,30000,365,21500,24000,27000,235
CAH26-01,01,04,20000,23000,29000,10,NA,NA,NA,NA,NA,NA,NA,NA,NA,NA,NA,NA,NA,NA,NA,NA
CAH26-01,02,03,24000,28000,34000,195,24000,28000,32500,145,NA,NA,NA,NA,22500,26000,34500,30,24000,25000,34500,15
CAH26-01,02,04,25000,29500,42000,30,25000,30000,42000,15,NA,NA,NA,NA,NA,NA,NA,NA,NA,NA,NA,NA
CAH26-01-01,01,03,23000,26000,29500,920,23000,26000,30000,815,20000,24000,27000,40,21000,25000,28000,35,25000,28000,29000,25
CAH26-01-01,02,03,25000,30000,32000,10,NA,NA,NA,NA,NA,NA,NA,NA,NA,NA,NA,NA,NA,NA,NA,NA
CAH26-01-02,01,03,23000,26000,30000,1615,23500,26000,30000,1385,20000,23000,28000,40,23000,26000,28000,115,21500,23000,26000,75
CAH26-01-02,02,03,24000,28000,32000,45,24000,28000,32000,35,NA,NA,NA,NA,NA,NA,NA,NA,NA,NA,NA,NA
CAH26-01-03,01,03,24000,27000,30000,1860,24000,27000,30000,1690,25000,25000,26000,15,23000,27000,31500,95,21500,23000,26000,60
CAH26-01-03,02,03,20000,28000,30000,20,20000,28000,30000,20,NA,NA,NA,NA,NA,NA,NA,NA,NA,NA,NA,NA
CAH26-01-03,02,04,25000,34000,42000,15,NA,NA,NA,NA,NA,NA,NA,NA,NA,NA,NA,NA,NA,NA,NA,NA
CAH26-01-04,01,03,23000,26000,30000,765,23000,26000,30000,665,23000,25000,28000,20,21500,25000,30000,50,23000,24500,27500,25
CAH26-01-04,02,03,24500,28000,34500,100,25500,29000,33000,70,NA,NA,NA,NA,22000,27000,35000,20,NA,NA,NA,NA
CAH26-01-04,02,04,25000,28000,41000,15,NA,NA,NA,NA,NA,NA,NA,NA,NA,NA,NA,NA,NA,NA,NA,NA
CAH26-01-05,01,03,31000,33000,35000,15,31000,33000,35000,15,NA,NA,NA,NA,NA,NA,NA,NA,NA,NA,NA,NA
CAH26-01-06,01,03,23000,26000,30000,955,23000,26000,30000,830,NA,NA,NA,NA,23000,28000,31000,75,21000,22000,26000,45
CAH26-01-06,02,03,18000,26000,51000,15,20000,32000,51000,15,NA,NA,NA,NA,NA,NA,NA,NA,NA,NA,NA,NA
